{"Mean":{"confidence_interval":{"confidence_level":0.95,"lower_bound":1.5289869213353116,"upper_bound":1.548068218385831},"point_estimate":1.5356288214187197,"standard_error":0.005873465055892148},"Median":{"confidence_interval":{"confidence_level":0.95,"lower_bound":1.5277598114295134,"upper_bound":1.5289101653611983},"point_estimate":1.5283012055068403,"standard_error":0.000295432719524196},"MedianAbsDev":{"confidence_interval":{"confidence_level":0.95,"lower_bound":0.002159940090290662,"upper_bound":0.003790708898031905},"point_estimate":0.0030180798483920427,"standard_error":0.0004278340106376963},"Slope":{"confidence_interval":{"confidence_level":0.95,"lower_bound":1.5273668262868205,"upper_bound":1.5287400912106948},"point_estimate":1.5280038603424955,"standard_error":0.000351814736257094},"StdDev":{"confidence_interval":{"confidence_level":0.95,"lower_bound":0.0038918686516183493,"upper_bound":0.10150628898002532},"point_estimate":0.05930974190706153,"standard_error":0.03486266373796822}}