{"Mean":{"confidence_interval":{"confidence_level":0.95,"lower_bound":4.337307262842207,"upper_bound":4.382380634984823},"point_estimate":4.355369411377444,"standard_error":0.011871819564629914},"Median":{"confidence_interval":{"confidence_level":0.95,"lower_bound":4.326173021428417,"upper_bound":4.332271806650562},"point_estimate":4.3293789576016835,"standard_error":0.0015351386987538938},"MedianAbsDev":{"confidence_interval":{"confidence_level":0.95,"lower_bound":0.010225133865685281,"upper_bound":0.020080688958522913},"point_estimate":0.015621867714126837,"standard_error":0.002652630508725692},"Slope":{"confidence_interval":{"confidence_level":0.95,"lower_bound":4.337110315354116,"upper_bound":4.41740636253299},"point_estimate":4.370420065438152,"standard_error":0.021091038327252794},"StdDev":{"confidence_interval":{"confidence_level":0.95,"lower_bound":0.034482036206753025,"upper_bound":0.19309658406003},"point_estimate":0.11886395667331444,"standard_error":0.04906709178916102}}