{"Mean":{"confidence_interval":{"confidence_level":0.95,"lower_bound":-0.02563385846038411,"upper_bound":-0.0062043113947880795},"point_estimate":-0.015860495741286007,"standard_error":0.004927586232573851},"Median":{"confidence_interval":{"confidence_level":0.95,"lower_bound":-0.02813224390506558,"upper_bound":-0.009093770752030666},"point_estimate":-0.02148780511009929,"standard_error":0.004823987097107245}}