{"Mean":{"confidence_interval":{"confidence_level":0.95,"lower_bound":7.085311769229125,"upper_bound":7.170047503218964},"point_estimate":7.12682731249426,"standard_error":0.02168700606465702},"Median":{"confidence_interval":{"confidence_level":0.95,"lower_bound":7.0367519968940275,"upper_bound":7.153477839037165},"point_estimate":7.106265512426393,"standard_error":0.028940461347191235},"MedianAbsDev":{"confidence_interval":{"confidence_level":0.95,"lower_bound":0.1703579180340426,"upper_bound":0.285766746319727},"point_estimate":0.2358179180490242,"standard_error":0.031121100769212384},"Slope":{"confidence_interval":{"confidence_level":0.95,"lower_bound":7.074171687637058,"upper_bound":7.168357814139803},"point_estimate":7.121192755725381,"standard_error":0.02403710140322372},"StdDev":{"confidence_interval":{"confidence_level":0.95,"lower_bound":0.1842242770920892,"upper_bound":0.25008319827260483},"point_estimate":0.2188883461523737,"standard_error":0.01683418297692303}}