{"Mean":{"confidence_interval":{"confidence_level":0.95,"lower_bound":2.2651342933579315,"upper_bound":2.2736965904986164},"point_estimate":2.268895670252401,"standard_error":0.002209795874337389},"Median":{"confidence_interval":{"confidence_level":0.95,"lower_bound":2.2623076944385945,"upper_bound":2.2640485474199235},"point_estimate":2.263094143764924,"standard_error":0.0004684874158745666},"MedianAbsDev":{"confidence_interval":{"confidence_level":0.95,"lower_bound":0.001967067024140888,"upper_bound":0.0038399341484365566},"point_estimate":0.0026005006550728457,"standard_error":0.0004644103313590689},"Slope":{"confidence_interval":{"confidence_level":0.95,"lower_bound":2.263956371710438,"upper_bound":2.2705481303877297},"point_estimate":2.266732184994923,"standard_error":0.0017172812969146593},"StdDev":{"confidence_interval":{"confidence_level":0.95,"lower_bound":0.008801500724942835,"upper_bound":0.03260869423859168},"point_estimate":0.02222828081040695,"standard_error":0.006103388114276287}}