{"Mean":{"confidence_interval":{"confidence_level":0.95,"lower_bound":3.8654874761900646,"upper_bound":3.873074465356997},"point_estimate":3.869063911053193,"standard_error":0.0019383078538718396},"Median":{"confidence_interval":{"confidence_level":0.95,"lower_bound":3.8590007096898145,"upper_bound":3.863082127058486},"point_estimate":3.8606247079934946,"standard_error":0.0010484540494485135},"MedianAbsDev":{"confidence_interval":{"confidence_level":0.95,"lower_bound":0.002642876692010991,"upper_bound":0.008028849305215113},"point_estimate":0.004522192056270799,"standard_error":0.0014029079660869217},"Slope":{"confidence_interval":{"confidence_level":0.95,"lower_bound":3.8649037508638964,"upper_bound":3.871341695830585},"point_estimate":3.8679683529147457,"standard_error":0.0016479423330620123},"StdDev":{"confidence_interval":{"confidence_level":0.95,"lower_bound":0.01342810271957019,"upper_bound":0.024477589921439516},"point_estimate":0.01949636285264706,"standard_error":0.0028037428913283108}}