{"Mean":{"confidence_interval":{"confidence_level":0.95,"lower_bound":2.6992858951576943,"upper_bound":2.7105663110931943},"point_estimate":2.7046617446577876,"standard_error":0.0028777418039865055},"Median":{"confidence_interval":{"confidence_level":0.95,"lower_bound":2.69687933849648,"upper_bound":2.701804778872884},"point_estimate":2.700144139028645,"standard_error":0.0010927056603906727},"MedianAbsDev":{"confidence_interval":{"confidence_level":0.95,"lower_bound":0.010156068023937481,"upper_bound":0.017217347354615796},"point_estimate":0.014122249118317826,"standard_error":0.0018397813430895034},"Slope":{"confidence_interval":{"confidence_level":0.95,"lower_bound":2.7002767300930692,"upper_bound":2.717342194983736},"point_estimate":2.707809252628466,"standard_error":0.0044111414238342025},"StdDev":{"confidence_interval":{"confidence_level":0.95,"lower_bound":0.02108601520230252,"upper_bound":0.035704655274423874},"point_estimate":0.02891199185020908,"standard_error":0.003738133952579449}}