{"Mean":{"confidence_interval":{"confidence_level":0.95,"lower_bound":-0.006953438403708225,"upper_bound":0.0022806641968440336},"point_estimate":-0.0016307913736930413,"standard_error":0.00238387546544086},"Median":{"confidence_interval":{"confidence_level":0.95,"lower_bound":-0.000237455109664878,"upper_bound":0.001501299056769989},"point_estimate":0.0006066110746993925,"standard_error":0.00044744563692622615}}