{"Mean":{"confidence_interval":{"confidence_level":0.95,"lower_bound":2.58625591553933,"upper_bound":2.5894333430344627},"point_estimate":2.5877567994362725,"standard_error":0.0008131973279124845},"Median":{"confidence_interval":{"confidence_level":0.95,"lower_bound":2.5843068408566503,"upper_bound":2.5862375722175757},"point_estimate":2.5850728969033163,"standard_error":0.0005016457848610493},"MedianAbsDev":{"confidence_interval":{"confidence_level":0.95,"lower_bound":0.0020240021158664232,"upper_bound":0.00494006422949464},"point_estimate":0.0034077204693093643,"standard_error":0.0008098291987395234},"Slope":{"confidence_interval":{"confidence_level":0.95,"lower_bound":2.586564697300878,"upper_bound":2.5907405565770802},"point_estimate":2.5885102483923412,"standard_error":0.0010677667147746873},"StdDev":{"confidence_interval":{"confidence_level":0.95,"lower_bound":0.005575391990586545,"upper_bound":0.01052922107147916},"point_estimate":0.008130726418607381,"standard_error":0.0012736127572046062}}