{"Mean":{"confidence_interval":{"confidence_level":0.95,"lower_bound":1.1146087441971582,"upper_bound":1.1167506144558477},"point_estimate":1.1156149867503051,"standard_error":0.0005482547763752981},"Median":{"confidence_interval":{"confidence_level":0.95,"lower_bound":1.1135911816484412,"upper_bound":1.1144630055705016},"point_estimate":1.1140913658410099,"standard_error":0.00022657222083916043},"MedianAbsDev":{"confidence_interval":{"confidence_level":0.95,"lower_bound":0.0013987720531155592,"upper_bound":0.0025975257058768997},"point_estimate":0.0019825735918958414,"standard_error":0.00030978797653086274},"Slope":{"confidence_interval":{"confidence_level":0.95,"lower_bound":1.114469987028534,"upper_bound":1.1172140576008311},"point_estimate":1.1157245204818709,"standard_error":0.0007016345731190475},"StdDev":{"confidence_interval":{"confidence_level":0.95,"lower_bound":0.0036541989045599096,"upper_bound":0.007081201324611572},"point_estimate":0.005520214028067574,"standard_error":0.0008761007366336767}}