{"Mean":{"confidence_interval":{"confidence_level":0.95,"lower_bound":4.514663344258619,"upper_bound":4.5461198742625895},"point_estimate":4.530362277627343,"standard_error":0.008021610454238692},"Median":{"confidence_interval":{"confidence_level":0.95,"lower_bound":4.50629814794467,"upper_bound":4.539377587174533},"point_estimate":4.528009440851404,"standard_error":0.008466102236020706},"MedianAbsDev":{"confidence_interval":{"confidence_level":0.95,"lower_bound":0.05655067828888412,"upper_bound":0.1147024092733765},"point_estimate":0.0814755551868064,"standard_error":0.015984050029857793},"Slope":{"confidence_interval":{"confidence_level":0.95,"lower_bound":4.522689278719232,"upper_bound":4.555950079498585},"point_estimate":4.538702107179921,"standard_error":0.008493099681129736},"StdDev":{"confidence_interval":{"confidence_level":0.95,"lower_bound":0.07047752550349931,"upper_bound":0.08922413522163873},"point_estimate":0.08044043025502738,"standard_error":0.004774151669968672}}