{"Mean":{"confidence_interval":{"confidence_level":0.95,"lower_bound":1.403880005865422,"upper_bound":1.4202209759182103},"point_estimate":1.4123851531947644,"standard_error":0.004155760279324232},"Median":{"confidence_interval":{"confidence_level":0.95,"lower_bound":1.428427279002408,"upper_bound":1.4308825075066889},"point_estimate":1.429675639016514,"standard_error":0.0005838377244506731},"MedianAbsDev":{"confidence_interval":{"confidence_level":0.95,"lower_bound":0.004064537501646924,"upper_bound":0.007979706539474099},"point_estimate":0.005784644433595698,"standard_error":0.0010085583385959598},"Slope":{"confidence_interval":{"confidence_level":0.95,"lower_bound":1.368653837796585,"upper_bound":1.3976272060854544},"point_estimate":1.3823083419917568,"standard_error":0.0073789962307122215},"StdDev":{"confidence_interval":{"confidence_level":0.95,"lower_bound":0.03385501319458639,"upper_bound":0.04763134134777265},"point_estimate":0.041790645188245434,"standard_error":0.0035212457442894258}}