{"Mean":{"confidence_interval":{"confidence_level":0.95,"lower_bound":2.7006443324676344,"upper_bound":2.7177727613189973},"point_estimate":2.708284747371548,"standard_error":0.004388197442053333},"Median":{"confidence_interval":{"confidence_level":0.95,"lower_bound":2.6978082743988043,"upper_bound":2.7017007644322857},"point_estimate":2.699629854342148,"standard_error":0.0009498134172285049},"MedianAbsDev":{"confidence_interval":{"confidence_level":0.95,"lower_bound":0.009149857482440333,"upper_bound":0.01854556542055529},"point_estimate":0.01354755069380069,"standard_error":0.002405189472973832},"Slope":{"confidence_interval":{"confidence_level":0.95,"lower_bound":2.696264915204489,"upper_bound":2.7082255267447217},"point_estimate":2.701763273426182,"standard_error":0.003047750867655943},"StdDev":{"confidence_interval":{"confidence_level":0.95,"lower_bound":0.02047409652567536,"upper_bound":0.061885390539791835},"point_estimate":0.04390043738072019,"standard_error":0.010280230794357753}}