{"Mean":{"confidence_interval":{"confidence_level":0.95,"lower_bound":2.74289740299249,"upper_bound":2.7514397639061756},"point_estimate":2.7468797340829227,"standard_error":0.0021930733347827885},"Median":{"confidence_interval":{"confidence_level":0.95,"lower_bound":2.736662700209727,"upper_bound":2.740067979763848},"point_estimate":2.738909479960909,"standard_error":0.0008417474945284571},"MedianAbsDev":{"confidence_interval":{"confidence_level":0.95,"lower_bound":0.004388326589241915,"upper_bound":0.009170041674367989},"point_estimate":0.007135853213192533,"standard_error":0.0012803178520706365},"Slope":{"confidence_interval":{"confidence_level":0.95,"lower_bound":2.742053492656768,"upper_bound":2.74982875170225},"point_estimate":2.7455500464773457,"standard_error":0.0019940873876791386},"StdDev":{"confidence_interval":{"confidence_level":0.95,"lower_bound":0.015128866438703316,"upper_bound":0.027801269200051913},"point_estimate":0.022011993181240242,"standard_error":0.003242484013791688}}