{"Mean":{"confidence_interval":{"confidence_level":0.95,"lower_bound":5.550887389426451,"upper_bound":5.5766898026956015},"point_estimate":5.563603518774198,"standard_error":0.00657648314011677},"Median":{"confidence_interval":{"confidence_level":0.95,"lower_bound":5.546312033358711,"upper_bound":5.568237407338613},"point_estimate":5.555972113969766,"standard_error":0.0046399055602013425},"MedianAbsDev":{"confidence_interval":{"confidence_level":0.95,"lower_bound":0.032578811906887654,"upper_bound":0.053282039344328964},"point_estimate":0.040413261676493374,"standard_error":0.0052688946721627964},"Slope":{"confidence_interval":{"confidence_level":0.95,"lower_bound":5.548983618331768,"upper_bound":5.570394960169456},"point_estimate":5.559613845664725,"standard_error":0.005454774620133595},"StdDev":{"confidence_interval":{"confidence_level":0.95,"lower_bound":0.05237885375256239,"upper_bound":0.07878644425267216},"point_estimate":0.06621635403649422,"standard_error":0.00675393008705205}}