{"Mean":{"confidence_interval":{"confidence_level":0.95,"lower_bound":3.916114162664187,"upper_bound":3.9567106407490757},"point_estimate":3.9361917328015545,"standard_error":0.01031168866195669},"Median":{"confidence_interval":{"confidence_level":0.95,"lower_bound":3.8954264210476075,"upper_bound":3.9502570962110584},"point_estimate":3.933208798048336,"standard_error":0.014339287393496129},"MedianAbsDev":{"confidence_interval":{"confidence_level":0.95,"lower_bound":0.08913429921958647,"upper_bound":0.13893707814991618},"point_estimate":0.11582555610278467,"standard_error":0.013159974360372017},"Slope":{"confidence_interval":{"confidence_level":0.95,"lower_bound":3.951241311481478,"upper_bound":3.9954622242872913},"point_estimate":3.973594480822965,"standard_error":0.011273661519595558},"StdDev":{"confidence_interval":{"confidence_level":0.95,"lower_bound":0.08992291977539714,"upper_bound":0.11699576287694943},"point_estimate":0.10423534202343515,"standard_error":0.006931605742721992}}