{"Mean":{"confidence_interval":{"confidence_level":0.95,"lower_bound":2.843963319847075,"upper_bound":2.8639885798141784},"point_estimate":2.8529704941799476,"standard_error":0.005133234279781225},"Median":{"confidence_interval":{"confidence_level":0.95,"lower_bound":2.833427837831463,"upper_bound":2.837713027209215},"point_estimate":2.835938952295773,"standard_error":0.0012336747987210228},"MedianAbsDev":{"confidence_interval":{"confidence_level":0.95,"lower_bound":0.004664868869790919,"upper_bound":0.010107332406269445},"point_estimate":0.006679001536692129,"standard_error":0.0014081662622807327},"Slope":{"confidence_interval":{"confidence_level":0.95,"lower_bound":2.837310814410919,"upper_bound":2.8423311185594975},"point_estimate":2.8396251324780746,"standard_error":0.0012853200083868263},"StdDev":{"confidence_interval":{"confidence_level":0.95,"lower_bound":0.027569630563606763,"upper_bound":0.07387227655561276},"point_estimate":0.051673719557530085,"standard_error":0.012187897656506356}}