{"Mean":{"confidence_interval":{"confidence_level":0.95,"lower_bound":1.56823968352565,"upper_bound":1.5739692349865706},"point_estimate":1.5705642413333876,"standard_error":0.0015060441210130928},"Median":{"confidence_interval":{"confidence_level":0.95,"lower_bound":1.5666203587707295,"upper_bound":1.5683249585469037},"point_estimate":1.5674102231435088,"standard_error":0.0004728245218042869},"MedianAbsDev":{"confidence_interval":{"confidence_level":0.95,"lower_bound":0.0017897708136106942,"upper_bound":0.003603234700809082},"point_estimate":0.002548018321806193,"standard_error":0.0005020877999193314},"Slope":{"confidence_interval":{"confidence_level":0.95,"lower_bound":1.5674628081849733,"upper_bound":1.5688027377080644},"point_estimate":1.5681237842413789,"standard_error":0.00034211380690282863},"StdDev":{"confidence_interval":{"confidence_level":0.95,"lower_bound":0.0033847478716714148,"upper_bound":0.02438288209311038},"point_estimate":0.01510441722668831,"standard_error":0.006002315265575003}}