{"Mean":{"confidence_interval":{"confidence_level":0.95,"lower_bound":3.998698672563529,"upper_bound":4.072911718506455},"point_estimate":4.032190086126307,"standard_error":0.018997396943282834},"Median":{"confidence_interval":{"confidence_level":0.95,"lower_bound":4.001706111320095,"upper_bound":4.040496004639654},"point_estimate":4.0206434459455975,"standard_error":0.010398522296687003},"MedianAbsDev":{"confidence_interval":{"confidence_level":0.95,"lower_bound":0.06244604627873508,"upper_bound":0.11644054032558326},"point_estimate":0.08267969627365898,"standard_error":0.014290867952635799},"Slope":{"confidence_interval":{"confidence_level":0.95,"lower_bound":3.982470180270728,"upper_bound":4.110145648895495},"point_estimate":4.035947176993247,"standard_error":0.03313341516665416},"StdDev":{"confidence_interval":{"confidence_level":0.95,"lower_bound":0.09902518291054728,"upper_bound":0.282167620913317},"point_estimate":0.19108615487916764,"standard_error":0.04980054918061199}}