{"Mean":{"confidence_interval":{"confidence_level":0.95,"lower_bound":1.5519411820680382,"upper_bound":1.5627208316235215},"point_estimate":1.5567119536459115,"standard_error":0.0027650368633826464},"Median":{"confidence_interval":{"confidence_level":0.95,"lower_bound":1.5450580095077613,"upper_bound":1.5480441045639026},"point_estimate":1.5458569483043096,"standard_error":0.000736993090436844},"MedianAbsDev":{"confidence_interval":{"confidence_level":0.95,"lower_bound":0.002176896246954903,"upper_bound":0.0060643252698067245},"point_estimate":0.003400623029606422,"standard_error":0.0009553626568609617},"Slope":{"confidence_interval":{"confidence_level":0.95,"lower_bound":1.5524005531608727,"upper_bound":1.5669761323837148},"point_estimate":1.558729913772301,"standard_error":0.0037548288596335622},"StdDev":{"confidence_interval":{"confidence_level":0.95,"lower_bound":0.015063436400743355,"upper_bound":0.040776359221926003},"point_estimate":0.02767019377355748,"standard_error":0.007600790378292758}}