{"Mean":{"confidence_interval":{"confidence_level":0.95,"lower_bound":1.5992779090364382,"upper_bound":1.6002115759507514},"point_estimate":1.5997255717197438,"standard_error":0.0002382012469693114},"Median":{"confidence_interval":{"confidence_level":0.95,"lower_bound":1.5988473603379876,"upper_bound":1.59962099807089},"point_estimate":1.5992542264625467,"standard_error":0.00017957413986624006},"MedianAbsDev":{"confidence_interval":{"confidence_level":0.95,"lower_bound":0.001148941812715101,"upper_bound":0.002273004509617956},"point_estimate":0.0016859119996184477,"standard_error":0.0002882810335270492},"Slope":{"confidence_interval":{"confidence_level":0.95,"lower_bound":1.5994911121358462,"upper_bound":1.6003306389328205},"point_estimate":1.5998832591900745,"standard_error":0.00021352992354121942},"StdDev":{"confidence_interval":{"confidence_level":0.95,"lower_bound":0.0018084256920930222,"upper_bound":0.0029324847452455592},"point_estimate":0.0023996127193974567,"standard_error":0.0002894895351000199}}