{"Mean":{"confidence_interval":{"confidence_level":0.95,"lower_bound":7.138716774190735,"upper_bound":7.305209424241818},"point_estimate":7.203101352800619,"standard_error":0.044628525345068205},"Median":{"confidence_interval":{"confidence_level":0.95,"lower_bound":7.080535228450358,"upper_bound":7.133091265176768},"point_estimate":7.1109795737284,"standard_error":0.0126575559164811},"MedianAbsDev":{"confidence_interval":{"confidence_level":0.95,"lower_bound":0.07354214344695273,"upper_bound":0.1433110404212937},"point_estimate":0.11318609440928813,"standard_error":0.017480411500955688},"Slope":{"confidence_interval":{"confidence_level":0.95,"lower_bound":7.126938887627234,"upper_bound":7.2101060374298624},"point_estimate":7.164235047683991,"standard_error":0.021340421777567044},"StdDev":{"confidence_interval":{"confidence_level":0.95,"lower_bound":0.12787089542921262,"upper_bound":0.7380301153313523},"point_estimate":0.4469208413090957,"standard_error":0.20487543195446567}}