{"Mean":{"confidence_interval":{"confidence_level":0.95,"lower_bound":6.147924183113198,"upper_bound":6.252212072498702},"point_estimate":6.194233442227905,"standard_error":0.026723398838701614},"Median":{"confidence_interval":{"confidence_level":0.95,"lower_bound":6.107595718771547,"upper_bound":6.19269343080169},"point_estimate":6.165921977613358,"standard_error":0.022633696917758496},"MedianAbsDev":{"confidence_interval":{"confidence_level":0.95,"lower_bound":0.13378550413101112,"upper_bound":0.21234724010501116},"point_estimate":0.18837929789190386,"standard_error":0.020424979364801917},"Slope":{"confidence_interval":{"confidence_level":0.95,"lower_bound":6.213897040879669,"upper_bound":6.291271070399843},"point_estimate":6.251677900815857,"standard_error":0.01973122117616201},"StdDev":{"confidence_interval":{"confidence_level":0.95,"lower_bound":0.15361010639702724,"upper_bound":0.39691299195437274},"point_estimate":0.26812160931799267,"standard_error":0.07556923821162695}}