{"Mean":{"confidence_interval":{"confidence_level":0.95,"lower_bound":1.6591192670226669,"upper_bound":1.686954694191197},"point_estimate":1.6712198219859176,"standard_error":0.00718384743443641},"Median":{"confidence_interval":{"confidence_level":0.95,"lower_bound":1.6526786199637957,"upper_bound":1.6604081662109536},"point_estimate":1.6567487471522315,"standard_error":0.0019438124178576483},"MedianAbsDev":{"confidence_interval":{"confidence_level":0.95,"lower_bound":0.011972827115785428,"upper_bound":0.019348479032347432},"point_estimate":0.016470944558415336,"standard_error":0.0019389671746489906},"Slope":{"confidence_interval":{"confidence_level":0.95,"lower_bound":1.6579716141320577,"upper_bound":1.723424625911591},"point_estimate":1.6864801344223967,"standard_error":0.016918650931419945},"StdDev":{"confidence_interval":{"confidence_level":0.95,"lower_bound":0.02165266512872206,"upper_bound":0.10788317750498523},"point_estimate":0.07253665707441187,"standard_error":0.022004186774446426}}