{"Mean":{"confidence_interval":{"confidence_level":0.95,"lower_bound":5.679317224090838,"upper_bound":5.768292014668085},"point_estimate":5.721884956076523,"standard_error":0.022620000144304722},"Median":{"confidence_interval":{"confidence_level":0.95,"lower_bound":5.631913986157571,"upper_bound":5.725852310694144},"point_estimate":5.674534106156358,"standard_error":0.028985563396577735},"MedianAbsDev":{"confidence_interval":{"confidence_level":0.95,"lower_bound":0.14249999096956834,"upper_bound":0.22689570019691768},"point_estimate":0.1903285228577311,"standard_error":0.02276611511649726},"Slope":{"confidence_interval":{"confidence_level":0.95,"lower_bound":5.708447154228258,"upper_bound":5.778412559669098},"point_estimate":5.742306685936842,"standard_error":0.01785453709558383},"StdDev":{"confidence_interval":{"confidence_level":0.95,"lower_bound":0.17363259877889617,"upper_bound":0.27895769670614784},"point_estimate":0.2281172241439089,"standard_error":0.026994022866118794}}