{"Mean":{"confidence_interval":{"confidence_level":0.95,"lower_bound":3.96408211534538,"upper_bound":4.138861059542822},"point_estimate":4.048152457058512,"standard_error":0.04452274555564009},"Median":{"confidence_interval":{"confidence_level":0.95,"lower_bound":3.8040316067050552,"upper_bound":3.929942264261591},"point_estimate":3.85252905542038,"standard_error":0.03451639532534125},"MedianAbsDev":{"confidence_interval":{"confidence_level":0.95,"lower_bound":0.16210727772566574,"upper_bound":0.35463607333539554},"point_estimate":0.219684455935679,"standard_error":0.0516910980098463},"Slope":{"confidence_interval":{"confidence_level":0.95,"lower_bound":4.099622591209459,"upper_bound":4.320076508334335},"point_estimate":4.20955191826831,"standard_error":0.056196694293870225},"StdDev":{"confidence_interval":{"confidence_level":0.95,"lower_bound":0.3511401796926309,"upper_bound":0.5355094541173756},"point_estimate":0.44860494915999244,"standard_error":0.04713888450506831}}