{"Mean":{"confidence_interval":{"confidence_level":0.95,"lower_bound":2.063998957695116,"upper_bound":2.090963915588996},"point_estimate":2.0739955720960332,"standard_error":0.007483179305862932},"Median":{"confidence_interval":{"confidence_level":0.95,"lower_bound":2.0597293882724,"upper_bound":2.0617503422311163},"point_estimate":2.0603935209062523,"standard_error":0.00048687621488447346},"MedianAbsDev":{"confidence_interval":{"confidence_level":0.95,"lower_bound":0.002802361586986852,"upper_bound":0.006063920334663685},"point_estimate":0.0040384399096244465,"standard_error":0.0008964301055444902},"Slope":{"confidence_interval":{"confidence_level":0.95,"lower_bound":2.0629576273833514,"upper_bound":2.0703612109149203},"point_estimate":2.0661997169046593,"standard_error":0.0018998610589539393},"StdDev":{"confidence_interval":{"confidence_level":0.95,"lower_bound":0.010341079188072744,"upper_bound":0.1266917028599679},"point_estimate":0.07524915015228839,"standard_error":0.03820603950324265}}