{"Mean":{"confidence_interval":{"confidence_level":0.95,"lower_bound":1.8552574757283389,"upper_bound":1.856586242641437},"point_estimate":1.855875359212462,"standard_error":0.00034132441951252314},"Median":{"confidence_interval":{"confidence_level":0.95,"lower_bound":1.854443836019326,"upper_bound":1.8551640982204534},"point_estimate":1.8547878748840083,"standard_error":0.00016265174188528623},"MedianAbsDev":{"confidence_interval":{"confidence_level":0.95,"lower_bound":0.0009770480322116664,"upper_bound":0.0017100939504234652},"point_estimate":0.0013214144813530932,"standard_error":0.0001863809938474226},"Slope":{"confidence_interval":{"confidence_level":0.95,"lower_bound":1.8548272229935605,"upper_bound":1.8569814564209244},"point_estimate":1.8557274116518994,"standard_error":0.0005629483628066724},"StdDev":{"confidence_interval":{"confidence_level":0.95,"lower_bound":0.002205110534297433,"upper_bound":0.004460830103621525},"point_estimate":0.0034281828580438574,"standard_error":0.0005768638048869779}}