{"Mean":{"confidence_interval":{"confidence_level":0.95,"lower_bound":1.6045889209752382,"upper_bound":1.609317057054101},"point_estimate":1.6067507735137552,"standard_error":0.00120975035419968},"Median":{"confidence_interval":{"confidence_level":0.95,"lower_bound":1.6036438473786483,"upper_bound":1.6048644366992704},"point_estimate":1.604239075756229,"standard_error":0.0003669975355833758},"MedianAbsDev":{"confidence_interval":{"confidence_level":0.95,"lower_bound":0.0015503087996566738,"upper_bound":0.003981089307753651},"point_estimate":0.0022344469623910034,"standard_error":0.0005895489682811054},"Slope":{"confidence_interval":{"confidence_level":0.95,"lower_bound":1.6051131787509816,"upper_bound":1.6095002178878832},"point_estimate":1.6070276298913586,"standard_error":0.001132506563388668},"StdDev":{"confidence_interval":{"confidence_level":0.95,"lower_bound":0.0066288491077395924,"upper_bound":0.01691348013888498},"point_estimate":0.01213022194740927,"standard_error":0.0026480723190074004}}