{"Mean":{"confidence_interval":{"confidence_level":0.95,"lower_bound":4.925280200005972,"upper_bound":4.992669220968765},"point_estimate":4.957411106508653,"standard_error":0.017165598969249306},"Median":{"confidence_interval":{"confidence_level":0.95,"lower_bound":4.90191392032083,"upper_bound":4.97774231343153},"point_estimate":4.94602330956878,"standard_error":0.019975410647315308},"MedianAbsDev":{"confidence_interval":{"confidence_level":0.95,"lower_bound":0.1042072762674612,"upper_bound":0.17840335789960865},"point_estimate":0.13637103038684115,"standard_error":0.019470912525396525},"Slope":{"confidence_interval":{"confidence_level":0.95,"lower_bound":4.922848110591904,"upper_bound":4.986233686113402},"point_estimate":4.95437018589824,"standard_error":0.01616862300171098},"StdDev":{"confidence_interval":{"confidence_level":0.95,"lower_bound":0.1291401462554139,"upper_bound":0.22143531502220118},"point_estimate":0.17234394314097704,"standard_error":0.024675647713691812}}