{"Mean":{"confidence_interval":{"confidence_level":0.95,"lower_bound":4.753072253151624,"upper_bound":4.796869726428526},"point_estimate":4.774537593424514,"standard_error":0.011151265756426781},"Median":{"confidence_interval":{"confidence_level":0.95,"lower_bound":4.723223423844676,"upper_bound":4.778499006873511},"point_estimate":4.744238405168139,"standard_error":0.013965493125883183},"MedianAbsDev":{"confidence_interval":{"confidence_level":0.95,"lower_bound":0.07388904959818904,"upper_bound":0.13324662504856263},"point_estimate":0.10377369894743223,"standard_error":0.015445916835053983},"Slope":{"confidence_interval":{"confidence_level":0.95,"lower_bound":4.7473558894519465,"upper_bound":4.790269279435986},"point_estimate":4.767982761840829,"standard_error":0.010959853359427752},"StdDev":{"confidence_interval":{"confidence_level":0.95,"lower_bound":0.09526562438461361,"upper_bound":0.1269536512388205},"point_estimate":0.11197517845862312,"standard_error":0.008078792507693203}}