{"Mean":{"confidence_interval":{"confidence_level":0.95,"lower_bound":4.905616186205153,"upper_bound":4.930779444391678},"point_estimate":4.916347235013773,"standard_error":0.0064893618890499655},"Median":{"confidence_interval":{"confidence_level":0.95,"lower_bound":4.89405136668625,"upper_bound":4.902159013843798},"point_estimate":4.897539252679706,"standard_error":0.0021524644566575197},"MedianAbsDev":{"confidence_interval":{"confidence_level":0.95,"lower_bound":0.00901880807883421,"upper_bound":0.02080002772261129},"point_estimate":0.013460792782507804,"standard_error":0.003067281956873891},"Slope":{"confidence_interval":{"confidence_level":0.95,"lower_bound":4.900939984850012,"upper_bound":4.912311303111162},"point_estimate":4.906039592398179,"standard_error":0.002905153051038762},"StdDev":{"confidence_interval":{"confidence_level":0.95,"lower_bound":0.024357218493025228,"upper_bound":0.10136442068000343},"point_estimate":0.06510019898157612,"standard_error":0.02162502843995224}}