{"Mean":{"confidence_interval":{"confidence_level":0.95,"lower_bound":-0.003316968064172684,"upper_bound":-0.000023051268089061526},"point_estimate":-0.0016350067090176168,"standard_error":0.0008382902780288946},"Median":{"confidence_interval":{"confidence_level":0.95,"lower_bound":-0.0013407823249947937,"upper_bound":-0.00008719664652079295},"point_estimate":-0.0006156475232249603,"standard_error":0.00032919215263380557}}