{"Mean":{"confidence_interval":{"confidence_level":0.95,"lower_bound":3.039795982604516,"upper_bound":3.065553553145861},"point_estimate":3.05278694218095,"standard_error":0.0065769787478492875},"Median":{"confidence_interval":{"confidence_level":0.95,"lower_bound":3.066900873269164,"upper_bound":3.086989949487059},"point_estimate":3.080057839382137,"standard_error":0.004914563211223183},"MedianAbsDev":{"confidence_interval":{"confidence_level":0.95,"lower_bound":0.030730713131525724,"upper_bound":0.07211373192212615},"point_estimate":0.04423190356122899,"standard_error":0.011212355115848682},"Slope":{"confidence_interval":{"confidence_level":0.95,"lower_bound":2.991582974069371,"upper_bound":3.0247586315852213},"point_estimate":3.0064467412650973,"standard_error":0.008457433669069927},"StdDev":{"confidence_interval":{"confidence_level":0.95,"lower_bound":0.058923498487041294,"upper_bound":0.07190885174366396},"point_estimate":0.06610114646996482,"standard_error":0.003283588657552698}}