{"Mean":{"confidence_interval":{"confidence_level":0.95,"lower_bound":5.075705615501444,"upper_bound":5.088360695056688},"point_estimate":5.0816488821392936,"standard_error":0.003243310813303921},"Median":{"confidence_interval":{"confidence_level":0.95,"lower_bound":5.067487636021618,"upper_bound":5.0771952777455915},"point_estimate":5.072067960188631,"standard_error":0.002553055249579273},"MedianAbsDev":{"confidence_interval":{"confidence_level":0.95,"lower_bound":0.011122169842217616,"upper_bound":0.021202659261759717},"point_estimate":0.015758932860749923,"standard_error":0.002705176587189382},"Slope":{"confidence_interval":{"confidence_level":0.95,"lower_bound":5.074459808439667,"upper_bound":5.087606930725607},"point_estimate":5.080642216493739,"standard_error":0.003361687251072356},"StdDev":{"confidence_interval":{"confidence_level":0.95,"lower_bound":0.022683833807277436,"upper_bound":0.04167151558772198},"point_estimate":0.03261122818385314,"standard_error":0.004884243366689274}}