{"Mean":{"confidence_interval":{"confidence_level":0.95,"lower_bound":6.4773545616325094,"upper_bound":6.565326150331258},"point_estimate":6.520028604769394,"standard_error":0.02241676300110763},"Median":{"confidence_interval":{"confidence_level":0.95,"lower_bound":6.441275168932686,"upper_bound":6.535864761722685},"point_estimate":6.476581890278382,"standard_error":0.027637492619015838},"MedianAbsDev":{"confidence_interval":{"confidence_level":0.95,"lower_bound":0.148212015168976,"upper_bound":0.25458649815115186},"point_estimate":0.2118231645062175,"standard_error":0.026636301260456595},"Slope":{"confidence_interval":{"confidence_level":0.95,"lower_bound":6.422026053238501,"upper_bound":6.5161520678344225},"point_estimate":6.466577244832135,"standard_error":0.02411815777741835},"StdDev":{"confidence_interval":{"confidence_level":0.95,"lower_bound":0.17768674723348743,"upper_bound":0.27357154659462485},"point_estimate":0.22652790222758576,"standard_error":0.024618286268785282}}