{"Mean":{"confidence_interval":{"confidence_level":0.95,"lower_bound":2.8509973769799943,"upper_bound":2.8734734588436255},"point_estimate":2.861976566538981,"standard_error":0.005703842352663033},"Median":{"confidence_interval":{"confidence_level":0.95,"lower_bound":2.879581655453382,"upper_bound":2.883430243007274},"point_estimate":2.881793396937402,"standard_error":0.0009715178154503371},"MedianAbsDev":{"confidence_interval":{"confidence_level":0.95,"lower_bound":0.005358018804390741,"upper_bound":0.01717496004276139},"point_estimate":0.007105847760949829,"standard_error":0.003181988260703466},"Slope":{"confidence_interval":{"confidence_level":0.95,"lower_bound":2.8800704798303656,"upper_bound":2.8844571661252174},"point_estimate":2.8821813374342304,"standard_error":0.0011092213847800664},"StdDev":{"confidence_interval":{"confidence_level":0.95,"lower_bound":0.04317456827787986,"upper_bound":0.07384152190809891},"point_estimate":0.0570653766647434,"standard_error":0.00826758568063511}}