{"Mean":{"confidence_interval":{"confidence_level":0.95,"lower_bound":-0.0016257269130886733,"upper_bound":0.006365688710215589},"point_estimate":0.0027554363345525523,"standard_error":0.0020462068218989014},"Median":{"confidence_interval":{"confidence_level":0.95,"lower_bound":0.004047139153432022,"upper_bound":0.007993603812692207},"point_estimate":0.005627166758586544,"standard_error":0.0010635877657686817}}