{"Mean":{"confidence_interval":{"confidence_level":0.95,"lower_bound":1.7360833311642112,"upper_bound":1.7432707783297923},"point_estimate":1.7395740971929723,"standard_error":0.0018368554485916776},"Median":{"confidence_interval":{"confidence_level":0.95,"lower_bound":1.7331958394846751,"upper_bound":1.7407393339313386},"point_estimate":1.7371986817021896,"standard_error":0.0017343033392034067},"MedianAbsDev":{"confidence_interval":{"confidence_level":0.95,"lower_bound":0.011097833000697003,"upper_bound":0.018886885523411983},"point_estimate":0.015418445370013963,"standard_error":0.0019171323105264422},"Slope":{"confidence_interval":{"confidence_level":0.95,"lower_bound":1.7338134769183715,"upper_bound":1.739580859817038},"point_estimate":1.7365673689129246,"standard_error":0.0014646034061950072},"StdDev":{"confidence_interval":{"confidence_level":0.95,"lower_bound":0.014618191996767916,"upper_bound":0.022253716873307405},"point_estimate":0.018554822034003913,"standard_error":0.00195722234638555}}