{"Mean":{"confidence_interval":{"confidence_level":0.95,"lower_bound":1.379464437582345,"upper_bound":1.3803702088687986},"point_estimate":1.3799054988904913,"standard_error":0.00023051967437433916},"Median":{"confidence_interval":{"confidence_level":0.95,"lower_bound":1.3792600203484362,"upper_bound":1.3800647431709245},"point_estimate":1.379602087956106,"standard_error":0.00022820945543637898},"MedianAbsDev":{"confidence_interval":{"confidence_level":0.95,"lower_bound":0.001562166151052568,"upper_bound":0.002474379707408514},"point_estimate":0.002007732136294952,"standard_error":0.00023714091624249816},"Slope":{"confidence_interval":{"confidence_level":0.95,"lower_bound":1.378839877636538,"upper_bound":1.3795439606555029},"point_estimate":1.3791741040738539,"standard_error":0.00018021895984289305},"StdDev":{"confidence_interval":{"confidence_level":0.95,"lower_bound":0.001842918433066619,"upper_bound":0.002765650090316691},"point_estimate":0.0023164294923597568,"standard_error":0.00023690510665738018}}