{"Mean":{"confidence_interval":{"confidence_level":0.95,"lower_bound":2.0258309263325556,"upper_bound":2.0308022978696014},"point_estimate":2.0283013604579194,"standard_error":0.0012731350908849746},"Median":{"confidence_interval":{"confidence_level":0.95,"lower_bound":2.0246176711074035,"upper_bound":2.0299329760806475},"point_estimate":2.0271008874699845,"standard_error":0.001272403327853252},"MedianAbsDev":{"confidence_interval":{"confidence_level":0.95,"lower_bound":0.008861319730520473,"upper_bound":0.014376087407423424},"point_estimate":0.011658983930978657,"standard_error":0.0014162921507782922},"Slope":{"confidence_interval":{"confidence_level":0.95,"lower_bound":2.027101132645011,"upper_bound":2.0314416018796386},"point_estimate":2.0292610667530617,"standard_error":0.0011067536353529604},"StdDev":{"confidence_interval":{"confidence_level":0.95,"lower_bound":0.010873745854156281,"upper_bound":0.014470870128206704},"point_estimate":0.012779495109276867,"standard_error":0.0009178905102161768}}