{"Mean":{"confidence_interval":{"confidence_level":0.95,"lower_bound":3.480618441537531,"upper_bound":3.487991852120314},"point_estimate":3.484059914961166,"standard_error":0.0018835346264991209},"Median":{"confidence_interval":{"confidence_level":0.95,"lower_bound":3.47496602550011,"upper_bound":3.478610507746253},"point_estimate":3.4764456126280927,"standard_error":0.000982922123986399},"MedianAbsDev":{"confidence_interval":{"confidence_level":0.95,"lower_bound":0.003273094833663163,"upper_bound":0.007944052884300258},"point_estimate":0.0054833368679715515,"standard_error":0.0012452818671607002},"Slope":{"confidence_interval":{"confidence_level":0.95,"lower_bound":3.480491094858849,"upper_bound":3.488586839005908},"point_estimate":3.484302632774226,"standard_error":0.0020747313507223637},"StdDev":{"confidence_interval":{"confidence_level":0.95,"lower_bound":0.01284258892016943,"upper_bound":0.024400838699876196},"point_estimate":0.018919890771659148,"standard_error":0.0029642449695418036}}