{"Mean":{"confidence_interval":{"confidence_level":0.95,"lower_bound":4.129352349923859,"upper_bound":4.14803111101225},"point_estimate":4.137048047740957,"standard_error":0.004835759286798021},"Median":{"confidence_interval":{"confidence_level":0.95,"lower_bound":4.1209856855600036,"upper_bound":4.128115167166013},"point_estimate":4.123693488445966,"standard_error":0.0018368760015778948},"MedianAbsDev":{"confidence_interval":{"confidence_level":0.95,"lower_bound":0.008502891165093767,"upper_bound":0.017309693641215484},"point_estimate":0.011714381408122298,"standard_error":0.002285574413602632},"Slope":{"confidence_interval":{"confidence_level":0.95,"lower_bound":4.126800217059544,"upper_bound":4.134715922746639},"point_estimate":4.130511006108762,"standard_error":0.0020166642026479436},"StdDev":{"confidence_interval":{"confidence_level":0.95,"lower_bound":0.01913709117036012,"upper_bound":0.07750452470051858},"point_estimate":0.048808302378824844,"standard_error":0.018539623207414646}}