{"Mean":{"confidence_interval":{"confidence_level":0.95,"lower_bound":1.6339989590467232,"upper_bound":1.649190526227113},"point_estimate":1.641614402266006,"standard_error":0.0038820486849714874},"Median":{"confidence_interval":{"confidence_level":0.95,"lower_bound":1.6612718058721843,"upper_bound":1.6643880690765243},"point_estimate":1.663010363779143,"standard_error":0.004666630587193053},"MedianAbsDev":{"confidence_interval":{"confidence_level":0.95,"lower_bound":0.00787687097468273,"upper_bound":0.05524634650883541},"point_estimate":0.016531574605270966,"standard_error":0.011696348679168033},"Slope":{"confidence_interval":{"confidence_level":0.95,"lower_bound":1.6053134543636678,"upper_bound":1.619740962793704},"point_estimate":1.6116480380987477,"standard_error":0.0036998137807729716},"StdDev":{"confidence_interval":{"confidence_level":0.95,"lower_bound":0.03535400272569791,"upper_bound":0.04213493132754158},"point_estimate":0.038834282737879505,"standard_error":0.0017191569443964973}}