{"Mean":{"confidence_interval":{"confidence_level":0.95,"lower_bound":3.35383136253823,"upper_bound":3.366090349585033},"point_estimate":3.3593951392839574,"standard_error":0.00315269615936076},"Median":{"confidence_interval":{"confidence_level":0.95,"lower_bound":3.346702928234783,"upper_bound":3.352099819749906},"point_estimate":3.3479851022934244,"standard_error":0.0013852106095972512},"MedianAbsDev":{"confidence_interval":{"confidence_level":0.95,"lower_bound":0.0054294005642580275,"upper_bound":0.011842792923200562},"point_estimate":0.007289220571671316,"standard_error":0.0015217719307498963},"Slope":{"confidence_interval":{"confidence_level":0.95,"lower_bound":3.351588597663914,"upper_bound":3.36267633904896},"point_estimate":3.356428778074885,"standard_error":0.002848610281075699},"StdDev":{"confidence_interval":{"confidence_level":0.95,"lower_bound":0.01732940708114298,"upper_bound":0.04317127958683248},"point_estimate":0.03157091081331375,"standard_error":0.006595740759125928}}