{"Mean":{"confidence_interval":{"confidence_level":0.95,"lower_bound":-0.021247284592119525,"upper_bound":-0.009304477419937555},"point_estimate":-0.014950109023077585,"standard_error":0.003048393481621315},"Median":{"confidence_interval":{"confidence_level":0.95,"lower_bound":-0.014506844897112514,"upper_bound":-0.009423583205358644},"point_estimate":-0.011720084086218052,"standard_error":0.001339048334281703}}