{"Mean":{"confidence_interval":{"confidence_level":0.95,"lower_bound":4.124411664655838,"upper_bound":4.143694595567861},"point_estimate":4.132530054837712,"standard_error":0.005004719228043974},"Median":{"confidence_interval":{"confidence_level":0.95,"lower_bound":4.11676168113485,"upper_bound":4.121087360211429},"point_estimate":4.118352452384442,"standard_error":0.0009034267970622461},"MedianAbsDev":{"confidence_interval":{"confidence_level":0.95,"lower_bound":0.004759653400389383,"upper_bound":0.009504252356391636},"point_estimate":0.006896682115603694,"standard_error":0.0010047036929418884},"Slope":{"confidence_interval":{"confidence_level":0.95,"lower_bound":4.123952320987409,"upper_bound":4.157887526026874},"point_estimate":4.137534480035059,"standard_error":0.008929625740559766},"StdDev":{"confidence_interval":{"confidence_level":0.95,"lower_bound":0.018431978213463037,"upper_bound":0.07893050628108701},"point_estimate":0.05031001866994997,"standard_error":0.017537570495173977}}