{"Mean":{"confidence_interval":{"confidence_level":0.95,"lower_bound":2.455188854904751,"upper_bound":2.468475475370309},"point_estimate":2.461025747901994,"standard_error":0.003402256401561206},"Median":{"confidence_interval":{"confidence_level":0.95,"lower_bound":2.447116286741122,"upper_bound":2.4523594772860484},"point_estimate":2.448894333854793,"standard_error":0.0014480068716310804},"MedianAbsDev":{"confidence_interval":{"confidence_level":0.95,"lower_bound":0.005495109621402268,"upper_bound":0.012508005696418195},"point_estimate":0.007944412323228064,"standard_error":0.0017685139077786907},"Slope":{"confidence_interval":{"confidence_level":0.95,"lower_bound":2.45506970529938,"upper_bound":2.467240445694743},"point_estimate":2.460995444723972,"standard_error":0.0031226276275275696},"StdDev":{"confidence_interval":{"confidence_level":0.95,"lower_bound":0.01757770300128579,"upper_bound":0.050818445699339077},"point_estimate":0.03415358749099795,"standard_error":0.009628059921969027}}