{"Mean":{"confidence_interval":{"confidence_level":0.95,"lower_bound":2.0805573965628814,"upper_bound":2.090826773007276},"point_estimate":2.0853579273672396,"standard_error":0.002623158014088982},"Median":{"confidence_interval":{"confidence_level":0.95,"lower_bound":2.0819353585111045,"upper_bound":2.0875630006507686},"point_estimate":2.084649442732223,"standard_error":0.0015786361784539385},"MedianAbsDev":{"confidence_interval":{"confidence_level":0.95,"lower_bound":0.009379838819750845,"upper_bound":0.022178192648274045},"point_estimate":0.014798145026744938,"standard_error":0.003132017697769721},"Slope":{"confidence_interval":{"confidence_level":0.95,"lower_bound":2.067785106794666,"upper_bound":2.0782103802477394},"point_estimate":2.0721346297265026,"standard_error":0.002678562326705381},"StdDev":{"confidence_interval":{"confidence_level":0.95,"lower_bound":0.017522698531923724,"upper_bound":0.03430899489028908},"point_estimate":0.026372443940396322,"standard_error":0.0043041514340493095}}