{"Mean":{"confidence_interval":{"confidence_level":0.95,"lower_bound":6.338818185476972,"upper_bound":6.428216353597302},"point_estimate":6.381398698771323,"standard_error":0.02283917257976403},"Median":{"confidence_interval":{"confidence_level":0.95,"lower_bound":6.277331176725191,"upper_bound":6.382642008586311},"point_estimate":6.323488593418277,"standard_error":0.029953690232661194},"MedianAbsDev":{"confidence_interval":{"confidence_level":0.95,"lower_bound":0.13652673099374868,"upper_bound":0.2495411185080961},"point_estimate":0.19249315201074554,"standard_error":0.03072039470952205},"Slope":{"confidence_interval":{"confidence_level":0.95,"lower_bound":6.280566653089673,"upper_bound":6.342235576464143},"point_estimate":6.309344390965737,"standard_error":0.015757083879571754},"StdDev":{"confidence_interval":{"confidence_level":0.95,"lower_bound":0.17073406713398218,"upper_bound":0.29652950738383826},"point_estimate":0.2286251041915239,"standard_error":0.03480735559876642}}