{"Mean":{"confidence_interval":{"confidence_level":0.95,"lower_bound":0.09863696431102191,"upper_bound":0.11024072599667374},"point_estimate":0.10454660640628144,"standard_error":0.0030393478281829757},"Median":{"confidence_interval":{"confidence_level":0.95,"lower_bound":0.0996960009516505,"upper_bound":0.11253782554472128},"point_estimate":0.10558883422588816,"standard_error":0.002916711062930042}}