{"Mean":{"confidence_interval":{"confidence_level":0.95,"lower_bound":5.5674497908123515,"upper_bound":5.6327066886740775},"point_estimate":5.598994022008127,"standard_error":0.016684941015255077},"Median":{"confidence_interval":{"confidence_level":0.95,"lower_bound":5.531832728613667,"upper_bound":5.561428489084913},"point_estimate":5.545170790939867,"standard_error":0.007188616400832441},"MedianAbsDev":{"confidence_interval":{"confidence_level":0.95,"lower_bound":0.051080654621108425,"upper_bound":0.09881622153183445},"point_estimate":0.07697739947423068,"standard_error":0.0123666542491893},"Slope":{"confidence_interval":{"confidence_level":0.95,"lower_bound":5.585903264253491,"upper_bound":5.686787786173358},"point_estimate":5.634411023091612,"standard_error":0.025852455571221424},"StdDev":{"confidence_interval":{"confidence_level":0.95,"lower_bound":0.1298740824021665,"upper_bound":0.19840868815244952},"point_estimate":0.16738698067487878,"standard_error":0.017526956612211025}}