{"Mean":{"confidence_interval":{"confidence_level":0.95,"lower_bound":3.571540583945346,"upper_bound":3.5816041159981413},"point_estimate":3.5764199208647476,"standard_error":0.0025692807748378273},"Median":{"confidence_interval":{"confidence_level":0.95,"lower_bound":3.569843025940035,"upper_bound":3.579294388270271},"point_estimate":3.5742552225212956,"standard_error":0.002585102116403527},"MedianAbsDev":{"confidence_interval":{"confidence_level":0.95,"lower_bound":0.01824350084935376,"upper_bound":0.030352034544294467},"point_estimate":0.025156946008060104,"standard_error":0.00304078576604645},"Slope":{"confidence_interval":{"confidence_level":0.95,"lower_bound":3.5654893145068725,"upper_bound":3.574591321061997},"point_estimate":3.56994815985179,"standard_error":0.0023334242813106104},"StdDev":{"confidence_interval":{"confidence_level":0.95,"lower_bound":0.020659789081729357,"upper_bound":0.03125447381892566},"point_estimate":0.025845462663279795,"standard_error":0.0027421442160035802}}