{"Mean":{"confidence_interval":{"confidence_level":0.95,"lower_bound":3.415567853634621,"upper_bound":3.4264237331837912},"point_estimate":3.4204039822749057,"standard_error":0.0027894248509796886},"Median":{"confidence_interval":{"confidence_level":0.95,"lower_bound":3.409410996546033,"upper_bound":3.414746262554581},"point_estimate":3.4121937232199078,"standard_error":0.0014664044043686973},"MedianAbsDev":{"confidence_interval":{"confidence_level":0.95,"lower_bound":0.007655855859789853,"upper_bound":0.01386997882711067},"point_estimate":0.011757379992132605,"standard_error":0.001631800856525011},"Slope":{"confidence_interval":{"confidence_level":0.95,"lower_bound":3.4139113937254058,"upper_bound":3.4206312509383},"point_estimate":3.417160891479305,"standard_error":0.0017224257505297448},"StdDev":{"confidence_interval":{"confidence_level":0.95,"lower_bound":0.013230619649680407,"upper_bound":0.040941044269999456},"point_estimate":0.028058526152782017,"standard_error":0.007347277428754538}}