{"Mean":{"confidence_interval":{"confidence_level":0.95,"lower_bound":2.0644617028470797,"upper_bound":2.069636414244217},"point_estimate":2.0669174736311104,"standard_error":0.0013187468486904924},"Median":{"confidence_interval":{"confidence_level":0.95,"lower_bound":2.060472979110852,"upper_bound":2.063027333649952},"point_estimate":2.0617761781604482,"standard_error":0.0007043412693719966},"MedianAbsDev":{"confidence_interval":{"confidence_level":0.95,"lower_bound":0.0038972102498222153,"upper_bound":0.008013642149358307},"point_estimate":0.006069768590218415,"standard_error":0.0010964470481283131},"Slope":{"confidence_interval":{"confidence_level":0.95,"lower_bound":2.0644831420660963,"upper_bound":2.0688570461598643},"point_estimate":2.066618907262126,"standard_error":0.0011157473484745815},"StdDev":{"confidence_interval":{"confidence_level":0.95,"lower_bound":0.009333932246339589,"upper_bound":0.01670358126112125},"point_estimate":0.013297724612915588,"standard_error":0.0018772091783392883}}