{"Mean":{"confidence_interval":{"confidence_level":0.95,"lower_bound":5.020065624680786,"upper_bound":5.084598659082567},"point_estimate":5.051514445910927,"standard_error":0.016495306162526785},"Median":{"confidence_interval":{"confidence_level":0.95,"lower_bound":4.993786442727441,"upper_bound":5.072030892252203},"point_estimate":5.034857413393102,"standard_error":0.01797847332687233},"MedianAbsDev":{"confidence_interval":{"confidence_level":0.95,"lower_bound":0.12415497938698776,"upper_bound":0.1999270693404469},"point_estimate":0.16242680552750532,"standard_error":0.019053693171904536},"Slope":{"confidence_interval":{"confidence_level":0.95,"lower_bound":5.038889349600967,"upper_bound":5.101658837566646},"point_estimate":5.0705946206274914,"standard_error":0.01603107934864807},"StdDev":{"confidence_interval":{"confidence_level":0.95,"lower_bound":0.13437562716668774,"upper_bound":0.19681124241619477},"point_estimate":0.1663357968171692,"standard_error":0.015988204771476795}}