{"Mean":{"confidence_interval":{"confidence_level":0.95,"lower_bound":1.5552629454500904,"upper_bound":1.5676703591321828},"point_estimate":1.5610358004280727,"standard_error":0.0031879501200263146},"Median":{"confidence_interval":{"confidence_level":0.95,"lower_bound":1.5448367373005334,"upper_bound":1.5498733832955298},"point_estimate":1.546257122579227,"standard_error":0.0010425178508859103},"MedianAbsDev":{"confidence_interval":{"confidence_level":0.95,"lower_bound":0.002871919564322129,"upper_bound":0.009481915484657908},"point_estimate":0.005070761911071728,"standard_error":0.001536321505245917},"Slope":{"confidence_interval":{"confidence_level":0.95,"lower_bound":1.5498130913358823,"upper_bound":1.5572023384044564},"point_estimate":1.5531722637500323,"standard_error":0.0018886296951877955},"StdDev":{"confidence_interval":{"confidence_level":0.95,"lower_bound":0.02128220798759619,"upper_bound":0.04174546051097428},"point_estimate":0.03209341765209696,"standard_error":0.005275102087339731}}