{"Mean":{"confidence_interval":{"confidence_level":0.95,"lower_bound":3.6133730177969494,"upper_bound":3.6270282610835323},"point_estimate":3.619781290229345,"standard_error":0.003497883360907959},"Median":{"confidence_interval":{"confidence_level":0.95,"lower_bound":3.603951971603649,"upper_bound":3.60742558860835},"point_estimate":3.605113046504033,"standard_error":0.0010612412057485038},"MedianAbsDev":{"confidence_interval":{"confidence_level":0.95,"lower_bound":0.004681123094840946,"upper_bound":0.011170043792117506},"point_estimate":0.007391333937047529,"standard_error":0.001728857354884638},"Slope":{"confidence_interval":{"confidence_level":0.95,"lower_bound":3.608235698551314,"upper_bound":3.615119011140286},"point_estimate":3.6113962655295135,"standard_error":0.0017512151035839957},"StdDev":{"confidence_interval":{"confidence_level":0.95,"lower_bound":0.024362008699552302,"upper_bound":0.04397904639013075},"point_estimate":0.035109070032112236,"standard_error":0.005012255966582106}}