{"Mean":{"confidence_interval":{"confidence_level":0.95,"lower_bound":-0.008287330506610346,"upper_bound":0.0005931363150144531},"point_estimate":-0.0037265744136784074,"standard_error":0.00225842543391264},"Median":{"confidence_interval":{"confidence_level":0.95,"lower_bound":-0.0007847117010451043,"upper_bound":0.0009028706916465179},"point_estimate":0.00021098343648473517,"standard_error":0.00040380110799627026}}