{"Mean":{"confidence_interval":{"confidence_level":0.95,"lower_bound":3.3433385208189104,"upper_bound":3.426789286085182},"point_estimate":3.376087053808639,"standard_error":0.02212438216693899},"Median":{"confidence_interval":{"confidence_level":0.95,"lower_bound":3.3382190559790144,"upper_bound":3.343532103031407},"point_estimate":3.342116620572351,"standard_error":0.001108695632517838},"MedianAbsDev":{"confidence_interval":{"confidence_level":0.95,"lower_bound":0.015921505739887768,"upper_bound":0.03746546983653047},"point_estimate":0.023970058740828512,"standard_error":0.005310460431097378},"Slope":{"confidence_interval":{"confidence_level":0.95,"lower_bound":3.3266809598779723,"upper_bound":3.340306009625435},"point_estimate":3.3331659286172837,"standard_error":0.003474993289015325},"StdDev":{"confidence_interval":{"confidence_level":0.95,"lower_bound":0.036065011670107325,"upper_bound":0.3635014686990068},"point_estimate":0.22177138964730142,"standard_error":0.09556244899997116}}