{"Mean":{"confidence_interval":{"confidence_level":0.95,"lower_bound":1.8213606115884375,"upper_bound":1.8267401012074447},"point_estimate":1.8240631785590793,"standard_error":0.0013765924093515139},"Median":{"confidence_interval":{"confidence_level":0.95,"lower_bound":1.8214796487030862,"upper_bound":1.8276499323024018},"point_estimate":1.8240524631802206,"standard_error":0.0017730746538816586},"MedianAbsDev":{"confidence_interval":{"confidence_level":0.95,"lower_bound":0.010300364991128652,"upper_bound":0.016217439236647053},"point_estimate":0.013456725916538927,"standard_error":0.0015112304608646552},"Slope":{"confidence_interval":{"confidence_level":0.95,"lower_bound":1.8202283736582445,"upper_bound":1.825653252837666},"point_estimate":1.8229481873529931,"standard_error":0.0013820697942848175},"StdDev":{"confidence_interval":{"confidence_level":0.95,"lower_bound":0.011688672043801234,"upper_bound":0.015714263729696462},"point_estimate":0.013778257735318867,"standard_error":0.0010249128938501569}}