{"Mean":{"confidence_interval":{"confidence_level":0.95,"lower_bound":3.096397598251588,"upper_bound":3.122563617075497},"point_estimate":3.1076704787920644,"standard_error":0.00677336186350515},"Median":{"confidence_interval":{"confidence_level":0.95,"lower_bound":3.088108277167029,"upper_bound":3.091715058675823},"point_estimate":3.0894288921027706,"standard_error":0.001021394002566311},"MedianAbsDev":{"confidence_interval":{"confidence_level":0.95,"lower_bound":0.004315688661951387,"upper_bound":0.008524613746201682},"point_estimate":0.006369196697111594,"standard_error":0.001033013509494142},"Slope":{"confidence_interval":{"confidence_level":0.95,"lower_bound":3.094263208218034,"upper_bound":3.130278279917723},"point_estimate":3.1090885902818695,"standard_error":0.009353773277820774},"StdDev":{"confidence_interval":{"confidence_level":0.95,"lower_bound":0.02111513644448894,"upper_bound":0.1029327506523077},"point_estimate":0.06806736350042054,"standard_error":0.021547995002347095}}