{"Mean":{"confidence_interval":{"confidence_level":0.95,"lower_bound":2.6984317166312217,"upper_bound":2.779483166385549},"point_estimate":2.728181986156961,"standard_error":0.022327551886584224},"Median":{"confidence_interval":{"confidence_level":0.95,"lower_bound":2.6955796350703154,"upper_bound":2.699620140167932},"point_estimate":2.699241403334538,"standard_error":0.0011710146167605183},"MedianAbsDev":{"confidence_interval":{"confidence_level":0.95,"lower_bound":0.008794802877816985,"upper_bound":0.01862405252069568},"point_estimate":0.013056421368276344,"standard_error":0.0024144233664968517},"Slope":{"confidence_interval":{"confidence_level":0.95,"lower_bound":2.6934910119687063,"upper_bound":2.707092541256906},"point_estimate":2.6996225410088948,"standard_error":0.003491709591510615},"StdDev":{"confidence_interval":{"confidence_level":0.95,"lower_bound":0.020604452768585836,"upper_bound":0.3788415329260672},"point_estimate":0.2249439948241085,"standard_error":0.11399677317373802}}