{"Mean":{"confidence_interval":{"confidence_level":0.95,"lower_bound":-0.017914142416592796,"upper_bound":-0.01032718038326752},"point_estimate":-0.013919713848240756,"standard_error":0.0019356605262234954},"Median":{"confidence_interval":{"confidence_level":0.95,"lower_bound":-0.017326189113189283,"upper_bound":-0.012420671294214869},"point_estimate":-0.015244111907441904,"standard_error":0.0012172945584112145}}