{"Mean":{"confidence_interval":{"confidence_level":0.95,"lower_bound":5.299576087515227,"upper_bound":5.355608545510066},"point_estimate":5.326667330354332,"standard_error":0.014295225456038924},"Median":{"confidence_interval":{"confidence_level":0.95,"lower_bound":5.26866301974976,"upper_bound":5.334416825805801},"point_estimate":5.306942945373707,"standard_error":0.018603770701692033},"MedianAbsDev":{"confidence_interval":{"confidence_level":0.95,"lower_bound":0.09113295739855437,"upper_bound":0.14737792293089044},"point_estimate":0.11864057501383464,"standard_error":0.014230384028319505},"Slope":{"confidence_interval":{"confidence_level":0.95,"lower_bound":5.276463343649805,"upper_bound":5.325194178649213},"point_estimate":5.2997261297277625,"standard_error":0.01243823419173744},"StdDev":{"confidence_interval":{"confidence_level":0.95,"lower_bound":0.11290485150660383,"upper_bound":0.17172890969633783},"point_estimate":0.14344857991274135,"standard_error":0.015070568952350424}}