{"Mean":{"confidence_interval":{"confidence_level":0.95,"lower_bound":4.3301235155613185,"upper_bound":4.341283526775449},"point_estimate":4.335271998368999,"standard_error":0.002854415582491614},"Median":{"confidence_interval":{"confidence_level":0.95,"lower_bound":4.328563643077125,"upper_bound":4.335176884485243},"point_estimate":4.3309966140147385,"standard_error":0.0015339054072734974},"MedianAbsDev":{"confidence_interval":{"confidence_level":0.95,"lower_bound":0.010443299600230127,"upper_bound":0.01986014208351031},"point_estimate":0.014769470988025375,"standard_error":0.00237544997856109},"Slope":{"confidence_interval":{"confidence_level":0.95,"lower_bound":4.3287614698509636,"upper_bound":4.337570545942135},"point_estimate":4.332956650810111,"standard_error":0.0022505999212181866},"StdDev":{"confidence_interval":{"confidence_level":0.95,"lower_bound":0.017198667670594876,"upper_bound":0.04076195615590303},"point_estimate":0.02860536570578093,"standard_error":0.006559518259720127}}