{"Mean":{"confidence_interval":{"confidence_level":0.95,"lower_bound":2.325354333365366,"upper_bound":2.335962234998091},"point_estimate":2.3302164975933213,"standard_error":0.0027326616190198024},"Median":{"confidence_interval":{"confidence_level":0.95,"lower_bound":2.3182483390934783,"upper_bound":2.324094331561476},"point_estimate":2.3204442926397744,"standard_error":0.0018000577544421367},"MedianAbsDev":{"confidence_interval":{"confidence_level":0.95,"lower_bound":0.004967196748407526,"upper_bound":0.012137211468136207},"point_estimate":0.007989299638070213,"standard_error":0.0019486297987865333},"Slope":{"confidence_interval":{"confidence_level":0.95,"lower_bound":2.32161756488651,"upper_bound":2.327527493292924},"point_estimate":2.3243506767119815,"standard_error":0.0015096135772620848},"StdDev":{"confidence_interval":{"confidence_level":0.95,"lower_bound":0.016532122484157682,"upper_bound":0.03699445476856248},"point_estimate":0.027446847929145354,"standard_error":0.005271187286112161}}