{"Mean":{"confidence_interval":{"confidence_level":0.95,"lower_bound":0.0004252060845968188,"upper_bound":0.022088423371044368},"point_estimate":0.010807593466158005,"standard_error":0.005527350115161381},"Median":{"confidence_interval":{"confidence_level":0.95,"lower_bound":0.0044664410049000125,"upper_bound":0.02027015897316264},"point_estimate":0.012589340534653326,"standard_error":0.0040968566093290675}}