{"Mean":{"confidence_interval":{"confidence_level":0.95,"lower_bound":2.025303708744598,"upper_bound":2.028183029415426},"point_estimate":2.0266491570786793,"standard_error":0.0007368745827690519},"Median":{"confidence_interval":{"confidence_level":0.95,"lower_bound":2.0240786664312047,"upper_bound":2.0256129684666546},"point_estimate":2.0245129118684932,"standard_error":0.000464108280956611},"MedianAbsDev":{"confidence_interval":{"confidence_level":0.95,"lower_bound":0.00238141270300364,"upper_bound":0.003918792738448624},"point_estimate":0.0031468097938065214,"standard_error":0.0003841159391728473},"Slope":{"confidence_interval":{"confidence_level":0.95,"lower_bound":2.024623742690065,"upper_bound":2.027321457195852},"point_estimate":2.0257837098122393,"standard_error":0.0006972149048710426},"StdDev":{"confidence_interval":{"confidence_level":0.95,"lower_bound":0.0047340215350454564,"upper_bound":0.009606602003507981},"point_estimate":0.007392971400587389,"standard_error":0.0012456293159748269}}