{"Mean":{"confidence_interval":{"confidence_level":0.95,"lower_bound":2.856698333180586,"upper_bound":2.8628324445052806},"point_estimate":2.859858422834987,"standard_error":0.0015524882603221897},"Median":{"confidence_interval":{"confidence_level":0.95,"lower_bound":2.854663657013856,"upper_bound":2.8626874441129635},"point_estimate":2.859759990343587,"standard_error":0.0018222679271772786},"MedianAbsDev":{"confidence_interval":{"confidence_level":0.95,"lower_bound":0.009792694188570988,"upper_bound":0.015025083164173251},"point_estimate":0.012897766144486924,"standard_error":0.0012219062700899919},"Slope":{"confidence_interval":{"confidence_level":0.95,"lower_bound":2.8529792102961693,"upper_bound":2.858645500406514},"point_estimate":2.85549186282955,"standard_error":0.0014534596344504564},"StdDev":{"confidence_interval":{"confidence_level":0.95,"lower_bound":0.011256592852001639,"upper_bound":0.02095055865601208},"point_estimate":0.01568404906285702,"standard_error":0.002648231646799781}}