{"Mean":{"confidence_interval":{"confidence_level":0.95,"lower_bound":5.879133628565226,"upper_bound":5.900442202445994},"point_estimate":5.889754113045696,"standard_error":0.005434017696927499},"Median":{"confidence_interval":{"confidence_level":0.95,"lower_bound":5.877406241875379,"upper_bound":5.897335832661143},"point_estimate":5.888390221578824,"standard_error":0.003395422303879038},"MedianAbsDev":{"confidence_interval":{"confidence_level":0.95,"lower_bound":0.026776178007752238,"upper_bound":0.03964257851523941},"point_estimate":0.0341216828359706,"standard_error":0.0032970091790043457},"Slope":{"confidence_interval":{"confidence_level":0.95,"lower_bound":5.880827045258828,"upper_bound":5.896020743091555},"point_estimate":5.888096743726882,"standard_error":0.003875221097157779},"StdDev":{"confidence_interval":{"confidence_level":0.95,"lower_bound":0.04100958056611596,"upper_bound":0.06769248156050757},"point_estimate":0.05471440410383331,"standard_error":0.006826920363209213}}