{"Mean":{"confidence_interval":{"confidence_level":0.95,"lower_bound":3.41843888597374,"upper_bound":3.4307967333965745},"point_estimate":3.4240844355974493,"standard_error":0.003166660177806018},"Median":{"confidence_interval":{"confidence_level":0.95,"lower_bound":3.4106125877258475,"upper_bound":3.417585513487163},"point_estimate":3.412915166636963,"standard_error":0.001504161326619828},"MedianAbsDev":{"confidence_interval":{"confidence_level":0.95,"lower_bound":0.008382973461797635,"upper_bound":0.01597264972342651},"point_estimate":0.011850028047766246,"standard_error":0.001882536926036284},"Slope":{"confidence_interval":{"confidence_level":0.95,"lower_bound":3.416279104470556,"upper_bound":3.427743539613981},"point_estimate":3.4214790130361266,"standard_error":0.0029449191836302246},"StdDev":{"confidence_interval":{"confidence_level":0.95,"lower_bound":0.01910411747830699,"upper_bound":0.04449327164568455},"point_estimate":0.0317212396100903,"standard_error":0.0068976892109201115}}