{"Mean":{"confidence_interval":{"confidence_level":0.95,"lower_bound":2.1304972388626773,"upper_bound":2.138824219600398},"point_estimate":2.134679289783812,"standard_error":0.0021210031147501913},"Median":{"confidence_interval":{"confidence_level":0.95,"lower_bound":2.130382525535882,"upper_bound":2.1398045443892917},"point_estimate":2.1368559324760805,"standard_error":0.0024065407438567483},"MedianAbsDev":{"confidence_interval":{"confidence_level":0.95,"lower_bound":0.015692699501330454,"upper_bound":0.025022694573684362},"point_estimate":0.02026178464881879,"standard_error":0.002340001166421382},"Slope":{"confidence_interval":{"confidence_level":0.95,"lower_bound":2.132781665566911,"upper_bound":2.1400066797348187},"point_estimate":2.136448090241604,"standard_error":0.0018463261372262361},"StdDev":{"confidence_interval":{"confidence_level":0.95,"lower_bound":0.018203479038252354,"upper_bound":0.02427700378448769},"point_estimate":0.021365450275812384,"standard_error":0.0015532888299483716}}