{"Mean":{"confidence_interval":{"confidence_level":0.95,"lower_bound":2.761157683207654,"upper_bound":2.7644226354485615},"point_estimate":2.762719875377606,"standard_error":0.0008334117458605429},"Median":{"confidence_interval":{"confidence_level":0.95,"lower_bound":2.7590461754079514,"upper_bound":2.761555012498094},"point_estimate":2.760195904252323,"standard_error":0.0006049546966666549},"MedianAbsDev":{"confidence_interval":{"confidence_level":0.95,"lower_bound":0.0032334526497990105,"upper_bound":0.006725760612774492},"point_estimate":0.004479937771879992,"standard_error":0.0009140779470416864},"Slope":{"confidence_interval":{"confidence_level":0.95,"lower_bound":2.761700393688471,"upper_bound":2.76600490119578},"point_estimate":2.763557168465316,"standard_error":0.001108123946265493},"StdDev":{"confidence_interval":{"confidence_level":0.95,"lower_bound":0.0064635191471587965,"upper_bound":0.010151316809781109},"point_estimate":0.008360821233743704,"standard_error":0.0009448805915985684}}