{"Mean":{"confidence_interval":{"confidence_level":0.95,"lower_bound":-0.017078386707071902,"upper_bound":-0.00814651485232447},"point_estimate":-0.012532253338953137,"standard_error":0.0022666597366285176},"Median":{"confidence_interval":{"confidence_level":0.95,"lower_bound":-0.0184163446113057,"upper_bound":-0.009201247935929042},"point_estimate":-0.013790467549685936,"standard_error":0.0023842055673295123}}