{"Mean":{"confidence_interval":{"confidence_level":0.95,"lower_bound":4.931257045437119,"upper_bound":5.0276747502080354},"point_estimate":4.97627090701534,"standard_error":0.024581202638521517},"Median":{"confidence_interval":{"confidence_level":0.95,"lower_bound":4.86250747008663,"upper_bound":4.9669306033726},"point_estimate":4.892363265740046,"standard_error":0.024304141048355522},"MedianAbsDev":{"confidence_interval":{"confidence_level":0.95,"lower_bound":0.08527231306512337,"upper_bound":0.19024860441033986},"point_estimate":0.12956640132996142,"standard_error":0.02480221367720313},"Slope":{"confidence_interval":{"confidence_level":0.95,"lower_bound":4.8564408879398275,"upper_bound":4.908006179590649},"point_estimate":4.8802595375016065,"standard_error":0.013206652526109853},"StdDev":{"confidence_interval":{"confidence_level":0.95,"lower_bound":0.16437887940818321,"upper_bound":0.317967579175578},"point_estimate":0.24712936230224536,"standard_error":0.039708638796316274}}