{"Mean":{"confidence_interval":{"confidence_level":0.95,"lower_bound":4.129283525988399,"upper_bound":4.141904976032857},"point_estimate":4.134898625896243,"standard_error":0.0032419477812453863},"Median":{"confidence_interval":{"confidence_level":0.95,"lower_bound":4.120917175393284,"upper_bound":4.125780402141088},"point_estimate":4.123328711130649,"standard_error":0.00144510887152766},"MedianAbsDev":{"confidence_interval":{"confidence_level":0.95,"lower_bound":0.004490223965655193,"upper_bound":0.011146351819724547},"point_estimate":0.007410695912175375,"standard_error":0.0019053245416974158},"Slope":{"confidence_interval":{"confidence_level":0.95,"lower_bound":4.129464648927283,"upper_bound":4.137792895618758},"point_estimate":4.133510298574528,"standard_error":0.0021241010280178083},"StdDev":{"confidence_interval":{"confidence_level":0.95,"lower_bound":0.016050922524958284,"upper_bound":0.04827179163293323},"point_estimate":0.03267965452450159,"standard_error":0.008672993620000114}}