{"Mean":{"confidence_interval":{"confidence_level":0.95,"lower_bound":3.09350771341187,"upper_bound":3.1018607406784477},"point_estimate":3.097215601677002,"standard_error":0.0021501122178228947},"Median":{"confidence_interval":{"confidence_level":0.95,"lower_bound":3.088999570738487,"upper_bound":3.092384874628461},"point_estimate":3.089951515975677,"standard_error":0.000936364806187578},"MedianAbsDev":{"confidence_interval":{"confidence_level":0.95,"lower_bound":0.0026534916181859235,"upper_bound":0.006772549917167062},"point_estimate":0.004255683676788335,"standard_error":0.0010308076869209645},"Slope":{"confidence_interval":{"confidence_level":0.95,"lower_bound":3.091027248203391,"upper_bound":3.0968859328811487},"point_estimate":3.0937354717784644,"standard_error":0.0015013076166642072},"StdDev":{"confidence_interval":{"confidence_level":0.95,"lower_bound":0.010233351742289154,"upper_bound":0.03203178309094218},"point_estimate":0.021591803052944836,"standard_error":0.005871594776419737}}