{"Mean":{"confidence_interval":{"confidence_level":0.95,"lower_bound":-0.15538409645805187,"upper_bound":-0.1459462278949669},"point_estimate":-0.15068212291374006,"standard_error":0.0024032970142907526},"Median":{"confidence_interval":{"confidence_level":0.95,"lower_bound":-0.1567970180089332,"upper_bound":-0.14642255413913052},"point_estimate":-0.15398805731732024,"standard_error":0.002689366548402272}}