{"Mean":{"confidence_interval":{"confidence_level":0.95,"lower_bound":4.085102740727819,"upper_bound":4.132497976349866},"point_estimate":4.10839097796378,"standard_error":0.012099057432571825},"Median":{"confidence_interval":{"confidence_level":0.95,"lower_bound":4.065624540807121,"upper_bound":4.1331937272043975},"point_estimate":4.107096182835059,"standard_error":0.015206838558671033},"MedianAbsDev":{"confidence_interval":{"confidence_level":0.95,"lower_bound":0.08893539424188662,"upper_bound":0.14389367134113853},"point_estimate":0.11831383081092783,"standard_error":0.014090823278402163},"Slope":{"confidence_interval":{"confidence_level":0.95,"lower_bound":4.084299453123623,"upper_bound":4.130893902002557},"point_estimate":4.107499646083928,"standard_error":0.011898738362607674},"StdDev":{"confidence_interval":{"confidence_level":0.95,"lower_bound":0.10016511977998627,"upper_bound":0.14251757720852767},"point_estimate":0.1211876582723595,"standard_error":0.010921654778255801}}