{"Mean":{"confidence_interval":{"confidence_level":0.95,"lower_bound":3.351376912494156,"upper_bound":3.36046849710301},"point_estimate":3.3555327629794665,"standard_error":0.002333323480563188},"Median":{"confidence_interval":{"confidence_level":0.95,"lower_bound":3.3462761303532713,"upper_bound":3.3491569609967495},"point_estimate":3.3473210141133087,"standard_error":0.0006935165037760674},"MedianAbsDev":{"confidence_interval":{"confidence_level":0.95,"lower_bound":0.004462690549855102,"upper_bound":0.008232466060338152},"point_estimate":0.0061796540348751676,"standard_error":0.0009443835857879405},"Slope":{"confidence_interval":{"confidence_level":0.95,"lower_bound":3.3498771837704955,"upper_bound":3.3583489553927737},"point_estimate":3.3537216901444475,"standard_error":0.0021694097796805998},"StdDev":{"confidence_interval":{"confidence_level":0.95,"lower_bound":0.013619944880844677,"upper_bound":0.03152732569286873},"point_estimate":0.02345829216828637,"standard_error":0.004538180316215098}}