{"Mean":{"confidence_interval":{"confidence_level":0.95,"lower_bound":4.130491287096204,"upper_bound":4.145139465195729},"point_estimate":4.137332543064652,"standard_error":0.003746275120228378},"Median":{"confidence_interval":{"confidence_level":0.95,"lower_bound":4.1192163026109645,"upper_bound":4.124860455941849},"point_estimate":4.12037619589932,"standard_error":0.0015816920123055194},"MedianAbsDev":{"confidence_interval":{"confidence_level":0.95,"lower_bound":0.005810367678590758,"upper_bound":0.013829341066858517},"point_estimate":0.00811206886725491,"standard_error":0.0022333044790051946},"Slope":{"confidence_interval":{"confidence_level":0.95,"lower_bound":4.126781298572483,"upper_bound":4.1355713916326025},"point_estimate":4.13090687667021,"standard_error":0.002249637435838465},"StdDev":{"confidence_interval":{"confidence_level":0.95,"lower_bound":0.02661256166752351,"upper_bound":0.04670262081969661},"point_estimate":0.03746693719174324,"standard_error":0.005136137951041984}}