{"Mean":{"confidence_interval":{"confidence_level":0.95,"lower_bound":2.7378931199466385,"upper_bound":2.740221290563156},"point_estimate":2.7389939924360625,"standard_error":0.0005934785706870103},"Median":{"confidence_interval":{"confidence_level":0.95,"lower_bound":2.7364922498981468,"upper_bound":2.7380399478327324},"point_estimate":2.7372417728777068,"standard_error":0.00044341099280881155},"MedianAbsDev":{"confidence_interval":{"confidence_level":0.95,"lower_bound":0.002374477715769932,"upper_bound":0.004739343328818082},"point_estimate":0.003308277538201646,"standard_error":0.0006062886378217651},"Slope":{"confidence_interval":{"confidence_level":0.95,"lower_bound":2.7388522318698456,"upper_bound":2.741811602953252},"point_estimate":2.740359051124327,"standard_error":0.000758142345290296},"StdDev":{"confidence_interval":{"confidence_level":0.95,"lower_bound":0.0042645520870014985,"upper_bound":0.00790019142216955},"point_estimate":0.005959961086423172,"standard_error":0.001013016719127544}}