{"Mean":{"confidence_interval":{"confidence_level":0.95,"lower_bound":1.2918038178307207,"upper_bound":1.296405102048946},"point_estimate":1.2938740913359934,"standard_error":0.001177331734368879},"Median":{"confidence_interval":{"confidence_level":0.95,"lower_bound":1.2894476188335637,"upper_bound":1.29203220531359},"point_estimate":1.2901634147443368,"standard_error":0.0006645657546447289},"MedianAbsDev":{"confidence_interval":{"confidence_level":0.95,"lower_bound":0.0034781454633953717,"upper_bound":0.0065671557466434665},"point_estimate":0.004574500388445265,"standard_error":0.0007977611079007788},"Slope":{"confidence_interval":{"confidence_level":0.95,"lower_bound":1.2909395036693423,"upper_bound":1.2932991207846367},"point_estimate":1.292085421512218,"standard_error":0.0006029090901915007},"StdDev":{"confidence_interval":{"confidence_level":0.95,"lower_bound":0.00612850521771064,"upper_bound":0.016643100698557834},"point_estimate":0.011820124152291249,"standard_error":0.002734353137872189}}