{"Mean":{"confidence_interval":{"confidence_level":0.95,"lower_bound":4.912903643662407,"upper_bound":4.943320429345527},"point_estimate":4.9262142956937405,"standard_error":0.00780668352320417},"Median":{"confidence_interval":{"confidence_level":0.95,"lower_bound":4.901556712187694,"upper_bound":4.912615950986012},"point_estimate":4.905313007643528,"standard_error":0.002814035668282873},"MedianAbsDev":{"confidence_interval":{"confidence_level":0.95,"lower_bound":0.016749914091988803,"upper_bound":0.02921210548619835},"point_estimate":0.021347135409419186,"standard_error":0.0030033466340689107},"Slope":{"confidence_interval":{"confidence_level":0.95,"lower_bound":4.910131009513179,"upper_bound":4.9337149218193455},"point_estimate":4.9199965221471365,"standard_error":0.006150276680770346},"StdDev":{"confidence_interval":{"confidence_level":0.95,"lower_bound":0.030824679808558676,"upper_bound":0.1156974998651467},"point_estimate":0.0783866309319242,"standard_error":0.022043217037844856}}