{"Mean":{"confidence_interval":{"confidence_level":0.95,"lower_bound":2.630654009517677,"upper_bound":2.6334222180944034},"point_estimate":2.632017605605096,"standard_error":0.0007028335733718292},"Median":{"confidence_interval":{"confidence_level":0.95,"lower_bound":2.6282352684315837,"upper_bound":2.632528253392297},"point_estimate":2.6306971859462536,"standard_error":0.0012072734282198019},"MedianAbsDev":{"confidence_interval":{"confidence_level":0.95,"lower_bound":0.005202557004671958,"upper_bound":0.009280590456904995},"point_estimate":0.007456842701311883,"standard_error":0.0011741455593260357},"Slope":{"confidence_interval":{"confidence_level":0.95,"lower_bound":2.6283920709384083,"upper_bound":2.6318994423720574},"point_estimate":2.630103691879186,"standard_error":0.000899956561820307},"StdDev":{"confidence_interval":{"confidence_level":0.95,"lower_bound":0.006095605356495802,"upper_bound":0.007880970981588513},"point_estimate":0.007059841043589772,"standard_error":0.00045456361982257543}}