{"Mean":{"confidence_interval":{"confidence_level":0.95,"lower_bound":1.9355679449705427,"upper_bound":1.9415948785716768},"point_estimate":1.9384068707765372,"standard_error":0.00154480161522776},"Median":{"confidence_interval":{"confidence_level":0.95,"lower_bound":1.9309349832422957,"upper_bound":1.933544197123241},"point_estimate":1.9318937190408472,"standard_error":0.0006820431425407969},"MedianAbsDev":{"confidence_interval":{"confidence_level":0.95,"lower_bound":0.003438292815456613,"upper_bound":0.007512155049290917},"point_estimate":0.004993570364536693,"standard_error":0.0010236054017714975},"Slope":{"confidence_interval":{"confidence_level":0.95,"lower_bound":1.9353897240246678,"upper_bound":1.942648453956051},"point_estimate":1.9387740310000598,"standard_error":0.0018597516102166665},"StdDev":{"confidence_interval":{"confidence_level":0.95,"lower_bound":0.010678758261322424,"upper_bound":0.020036961599264515},"point_estimate":0.015542534511941404,"standard_error":0.0024061978040308954}}