{"Mean":{"confidence_interval":{"confidence_level":0.95,"lower_bound":1.3986621268272137,"upper_bound":1.4027340835376199},"point_estimate":1.4004525708432525,"standard_error":0.0010414514543346917},"Median":{"confidence_interval":{"confidence_level":0.95,"lower_bound":1.3964205401324006,"upper_bound":1.397459203821705},"point_estimate":1.3969133123998339,"standard_error":0.00027504702514641544},"MedianAbsDev":{"confidence_interval":{"confidence_level":0.95,"lower_bound":0.00199169710677697,"upper_bound":0.0036012652970315896},"point_estimate":0.0027838832765592503,"standard_error":0.0004276496994845365},"Slope":{"confidence_interval":{"confidence_level":0.95,"lower_bound":1.3962247096361788,"upper_bound":1.3970211100772958},"point_estimate":1.396602766149426,"standard_error":0.00020339363068475787},"StdDev":{"confidence_interval":{"confidence_level":0.95,"lower_bound":0.005188535580903297,"upper_bound":0.015666441110517813},"point_estimate":0.010478533177936785,"standard_error":0.0029045324919388955}}