{"Mean":{"confidence_interval":{"confidence_level":0.95,"lower_bound":3.3563306644979223,"upper_bound":3.373211988506463},"point_estimate":3.3637545425359447,"standard_error":0.004352186648969331},"Median":{"confidence_interval":{"confidence_level":0.95,"lower_bound":3.347244120463258,"upper_bound":3.35574681642448},"point_estimate":3.3498971226577274,"standard_error":0.0019385861160328309},"MedianAbsDev":{"confidence_interval":{"confidence_level":0.95,"lower_bound":0.00694575071615748,"upper_bound":0.016258665496102952},"point_estimate":0.010082219157803907,"standard_error":0.002145223613278377},"Slope":{"confidence_interval":{"confidence_level":0.95,"lower_bound":3.353680918722981,"upper_bound":3.3641376952995015},"point_estimate":3.3585531968116795,"standard_error":0.0026812262517759895},"StdDev":{"confidence_interval":{"confidence_level":0.95,"lower_bound":0.019633494469725073,"upper_bound":0.06598731794322898},"point_estimate":0.04381490705247105,"standard_error":0.012676636053065638}}