{"Mean":{"confidence_interval":{"confidence_level":0.95,"lower_bound":6.519431283690844,"upper_bound":6.5420915472044445},"point_estimate":6.5298955456163785,"standard_error":0.005790898864373279},"Median":{"confidence_interval":{"confidence_level":0.95,"lower_bound":6.506815824077072,"upper_bound":6.5195738523053715},"point_estimate":6.511840158924997,"standard_error":0.0036062985424864936},"MedianAbsDev":{"confidence_interval":{"confidence_level":0.95,"lower_bound":0.018428767985505266,"upper_bound":0.033441525031366076},"point_estimate":0.025503245990927192,"standard_error":0.004127203657424921},"Slope":{"confidence_interval":{"confidence_level":0.95,"lower_bound":6.515011575677666,"upper_bound":6.540446223094162},"point_estimate":6.525795843697269,"standard_error":0.006585645894806187},"StdDev":{"confidence_interval":{"confidence_level":0.95,"lower_bound":0.0368049234883993,"upper_bound":0.07605452375891943},"point_estimate":0.05831288269527234,"standard_error":0.010021743315032089}}