{"Mean":{"confidence_interval":{"confidence_level":0.95,"lower_bound":1.6095669657890732,"upper_bound":1.6375677537410822},"point_estimate":1.6200813244859325,"standard_error":0.007578143038163657},"Median":{"confidence_interval":{"confidence_level":0.95,"lower_bound":1.6041060201226556,"upper_bound":1.6068930365900131},"point_estimate":1.604971243639874,"standard_error":0.0006719450219223258},"MedianAbsDev":{"confidence_interval":{"confidence_level":0.95,"lower_bound":0.002610852354050497,"upper_bound":0.0057573034121769055},"point_estimate":0.00354650835603704,"standard_error":0.0008102331106333735},"Slope":{"confidence_interval":{"confidence_level":0.95,"lower_bound":1.6093367254699282,"upper_bound":1.6246159931003032},"point_estimate":1.6160253787544459,"standard_error":0.003942180805126832},"StdDev":{"confidence_interval":{"confidence_level":0.95,"lower_bound":0.015882728803165807,"upper_bound":0.12696586285499725},"point_estimate":0.07606798811617847,"standard_error":0.03684468584376204}}