{"Mean":{"confidence_interval":{"confidence_level":0.95,"lower_bound":2.065341133039572,"upper_bound":2.079623588665162},"point_estimate":2.07149652462029,"standard_error":0.003678149310392212},"Median":{"confidence_interval":{"confidence_level":0.95,"lower_bound":2.0594662562870654,"upper_bound":2.0630867566104087},"point_estimate":2.060676626794945,"standard_error":0.001009869129735108},"MedianAbsDev":{"confidence_interval":{"confidence_level":0.95,"lower_bound":0.0031711486912614885,"upper_bound":0.0072233981812923976},"point_estimate":0.004739993355968293,"standard_error":0.0010888808139296261},"Slope":{"confidence_interval":{"confidence_level":0.95,"lower_bound":2.063642164193512,"upper_bound":2.06967560591909},"point_estimate":2.0664072930395934,"standard_error":0.0015422706569714862},"StdDev":{"confidence_interval":{"confidence_level":0.95,"lower_bound":0.014174951360445238,"upper_bound":0.05669036580367863},"point_estimate":0.03699466751748393,"standard_error":0.011315346113968932}}