{"Mean":{"confidence_interval":{"confidence_level":0.95,"lower_bound":0.006372160482374473,"upper_bound":0.018430068851637997},"point_estimate":0.011696637360503415,"standard_error":0.0030280851712712453},"Median":{"confidence_interval":{"confidence_level":0.95,"lower_bound":0.004011864086772343,"upper_bound":0.008734859988827948},"point_estimate":0.007196310287353569,"standard_error":0.0010918913083524861}}