{"Mean":{"confidence_interval":{"confidence_level":0.95,"lower_bound":2.468626519982759,"upper_bound":2.492824676810479},"point_estimate":2.478027892036588,"standard_error":0.006471636082045281},"Median":{"confidence_interval":{"confidence_level":0.95,"lower_bound":2.4631151269201133,"upper_bound":2.4670053969899923},"point_estimate":2.464774075361847,"standard_error":0.001040002697408838},"MedianAbsDev":{"confidence_interval":{"confidence_level":0.95,"lower_bound":0.0059008783667281305,"upper_bound":0.011442434703593532},"point_estimate":0.00804008553749373,"standard_error":0.0014946998876517875},"Slope":{"confidence_interval":{"confidence_level":0.95,"lower_bound":2.467296108557664,"upper_bound":2.501226732035491},"point_estimate":2.479888586680326,"standard_error":0.00909389203695177},"StdDev":{"confidence_interval":{"confidence_level":0.95,"lower_bound":0.013622803681220956,"upper_bound":0.10797844288268915},"point_estimate":0.06524263186513535,"standard_error":0.029622504409371506}}