{"Mean":{"confidence_interval":{"confidence_level":0.95,"lower_bound":5.937879921433871,"upper_bound":5.963074380423443},"point_estimate":5.9492466431498485,"standard_error":0.0064843444902853205},"Median":{"confidence_interval":{"confidence_level":0.95,"lower_bound":5.9238849129858995,"upper_bound":5.935915058240223},"point_estimate":5.928728828897656,"standard_error":0.0030554731144659146},"MedianAbsDev":{"confidence_interval":{"confidence_level":0.95,"lower_bound":0.01297206041153112,"upper_bound":0.02594301274034693},"point_estimate":0.019017465632914708,"standard_error":0.003532099077557229},"Slope":{"confidence_interval":{"confidence_level":0.95,"lower_bound":5.9315778202675835,"upper_bound":5.950540179204873},"point_estimate":5.939969753250675,"standard_error":0.004864532760491697},"StdDev":{"confidence_interval":{"confidence_level":0.95,"lower_bound":0.03235812383523764,"upper_bound":0.09166048359504199},"point_estimate":0.06522136928332418,"standard_error":0.015095942794355974}}