{"Mean":{"confidence_interval":{"confidence_level":0.95,"lower_bound":2.5654919184397955,"upper_bound":2.5666198385913086},"point_estimate":2.566035265049302,"standard_error":0.00028677009809713425},"Median":{"confidence_interval":{"confidence_level":0.95,"lower_bound":2.5649205479202077,"upper_bound":2.5658997005663813},"point_estimate":2.5652737849730256,"standard_error":0.00020500913574707043},"MedianAbsDev":{"confidence_interval":{"confidence_level":0.95,"lower_bound":0.0011849380791495736,"upper_bound":0.0021250730435108745},"point_estimate":0.001551128000356586,"standard_error":0.0002411942048563441},"Slope":{"confidence_interval":{"confidence_level":0.95,"lower_bound":2.565361340384525,"upper_bound":2.5661965488091845},"point_estimate":2.565758730091774,"standard_error":0.0002137456953026503},"StdDev":{"confidence_interval":{"confidence_level":0.95,"lower_bound":0.00209119400378691,"upper_bound":0.003631126716448953},"point_estimate":0.0028902945857523887,"standard_error":0.00039486320763019826}}