{"Mean":{"confidence_interval":{"confidence_level":0.95,"lower_bound":2.6957458737885736,"upper_bound":2.7050908727587455},"point_estimate":2.70021213763878,"standard_error":0.0023829537683948375},"Median":{"confidence_interval":{"confidence_level":0.95,"lower_bound":2.6940682751595144,"upper_bound":2.7012760289305797},"point_estimate":2.6995130651562014,"standard_error":0.0019230669635313677},"MedianAbsDev":{"confidence_interval":{"confidence_level":0.95,"lower_bound":0.010255777028253126,"upper_bound":0.019537074527345002},"point_estimate":0.016031855579186703,"standard_error":0.0023470158807453586},"Slope":{"confidence_interval":{"confidence_level":0.95,"lower_bound":2.690212515560566,"upper_bound":2.6988938899149066},"point_estimate":2.6944752033965846,"standard_error":0.0022151546009974063},"StdDev":{"confidence_interval":{"confidence_level":0.95,"lower_bound":0.017797309090576512,"upper_bound":0.029348979669219233},"point_estimate":0.023949436257121457,"standard_error":0.002959043533801987}}