{"Mean":{"confidence_interval":{"confidence_level":0.95,"lower_bound":-0.07806059826039778,"upper_bound":-0.07042888941559136},"point_estimate":-0.07430509638763161,"standard_error":0.0019483126906534847},"Median":{"confidence_interval":{"confidence_level":0.95,"lower_bound":-0.08132446778867375,"upper_bound":-0.07543924995881768},"point_estimate":-0.07807426206480361,"standard_error":0.0014996607223462192}}