{"Mean":{"confidence_interval":{"confidence_level":0.95,"lower_bound":2.286759051912681,"upper_bound":2.289152555942901},"point_estimate":2.2878838188849495,"standard_error":0.0006126181988427703},"Median":{"confidence_interval":{"confidence_level":0.95,"lower_bound":2.2852034233795515,"upper_bound":2.286934683251877},"point_estimate":2.286015408077818,"standard_error":0.0004176707709682217},"MedianAbsDev":{"confidence_interval":{"confidence_level":0.95,"lower_bound":0.0021322041020503213,"upper_bound":0.004267207474606311},"point_estimate":0.0031090499558219893,"standard_error":0.0005377384533114214},"Slope":{"confidence_interval":{"confidence_level":0.95,"lower_bound":2.2856772031159567,"upper_bound":2.2872390933146236},"point_estimate":2.286437870251166,"standard_error":0.00039855450318815794},"StdDev":{"confidence_interval":{"confidence_level":0.95,"lower_bound":0.004179135136989729,"upper_bound":0.007837016666678553},"point_estimate":0.006150063003013745,"standard_error":0.0009335232407591273}}