{"Mean":{"confidence_interval":{"confidence_level":0.95,"lower_bound":1.3343531117380216,"upper_bound":1.3369022994888033},"point_estimate":1.3355505104190657,"standard_error":0.0006499588424663062},"Median":{"confidence_interval":{"confidence_level":0.95,"lower_bound":1.3328628371436166,"upper_bound":1.3339426064236106},"point_estimate":1.3333194960925419,"standard_error":0.0002972416484695973},"MedianAbsDev":{"confidence_interval":{"confidence_level":0.95,"lower_bound":0.002066020453212787,"upper_bound":0.003657111049595881},"point_estimate":0.0026678390012718025,"standard_error":0.0004257800805104554},"Slope":{"confidence_interval":{"confidence_level":0.95,"lower_bound":1.3332988375834025,"upper_bound":1.3354478756716002},"point_estimate":1.334250796140819,"standard_error":0.0005502955969949542},"StdDev":{"confidence_interval":{"confidence_level":0.95,"lower_bound":0.004611994777031852,"upper_bound":0.008350004881358668},"point_estimate":0.006527312042416544,"standard_error":0.0009631306956657759}}