{"Mean":{"confidence_interval":{"confidence_level":0.95,"lower_bound":2.5592152489041182,"upper_bound":2.6173727402699436},"point_estimate":2.5848175636517667,"standard_error":0.01503030913301549},"Median":{"confidence_interval":{"confidence_level":0.95,"lower_bound":2.5478269836604848,"upper_bound":2.5613712527825054},"point_estimate":2.555764396064846,"standard_error":0.003529767617456865},"MedianAbsDev":{"confidence_interval":{"confidence_level":0.95,"lower_bound":0.015636342781543588,"upper_bound":0.02426124317759534},"point_estimate":0.019583050737734753,"standard_error":0.0020927666326097947},"Slope":{"confidence_interval":{"confidence_level":0.95,"lower_bound":2.5512375864733583,"upper_bound":2.579332709055323},"point_estimate":2.563915052618558,"standard_error":0.007119195118157942},"StdDev":{"confidence_interval":{"confidence_level":0.95,"lower_bound":0.05940073958875054,"upper_bound":0.2164216691882865},"point_estimate":0.15049919739042564,"standard_error":0.039523041045930594}}