{"Mean":{"confidence_interval":{"confidence_level":0.95,"lower_bound":2.5794659511158655,"upper_bound":2.586022391805373},"point_estimate":2.582535474147973,"standard_error":0.0016780190357398848},"Median":{"confidence_interval":{"confidence_level":0.95,"lower_bound":2.574972920445454,"upper_bound":2.5777504865675436},"point_estimate":2.57652095187876,"standard_error":0.0007060959946407872},"MedianAbsDev":{"confidence_interval":{"confidence_level":0.95,"lower_bound":0.004603184664164981,"upper_bound":0.008193230468127002},"point_estimate":0.006257776322612021,"standard_error":0.000906794330074938},"Slope":{"confidence_interval":{"confidence_level":0.95,"lower_bound":2.578613775595956,"upper_bound":2.5847766224154145},"point_estimate":2.581486815032719,"standard_error":0.0015749466834006523},"StdDev":{"confidence_interval":{"confidence_level":0.95,"lower_bound":0.01168857118918074,"upper_bound":0.021569492932553513},"point_estimate":0.016892664032410448,"standard_error":0.0025340299578022053}}