{"Mean":{"confidence_interval":{"confidence_level":0.95,"lower_bound":2.065642730310371,"upper_bound":2.068589216001869},"point_estimate":2.0669505244034876,"standard_error":0.0007529055322967781},"Median":{"confidence_interval":{"confidence_level":0.95,"lower_bound":2.0657104622317215,"upper_bound":2.0680166602475247},"point_estimate":2.066997757707632,"standard_error":0.0006989842951498339},"MedianAbsDev":{"confidence_interval":{"confidence_level":0.95,"lower_bound":0.0029818649191250667,"upper_bound":0.004570544365063225},"point_estimate":0.0038119077831203804,"standard_error":0.00040391697256082743},"Slope":{"confidence_interval":{"confidence_level":0.95,"lower_bound":2.0660928081889893,"upper_bound":2.0695373581159875},"point_estimate":2.067483623093872,"standard_error":0.0008979707795673588},"StdDev":{"confidence_interval":{"confidence_level":0.95,"lower_bound":0.003734198985032543,"upper_bound":0.011656815819909521},"point_estimate":0.007594982679466327,"standard_error":0.002365609663272089}}