{"Mean":{"confidence_interval":{"confidence_level":0.95,"lower_bound":5.633639764540734,"upper_bound":5.647777235944944},"point_estimate":5.640383122127791,"standard_error":0.003616357749825854},"Median":{"confidence_interval":{"confidence_level":0.95,"lower_bound":5.626472563523818,"upper_bound":5.637615361223853},"point_estimate":5.631631618889041,"standard_error":0.0033805039224113166},"MedianAbsDev":{"confidence_interval":{"confidence_level":0.95,"lower_bound":0.017392922908353668,"upper_bound":0.031001602310983138},"point_estimate":0.023404565403191725,"standard_error":0.0034448907031209997},"Slope":{"confidence_interval":{"confidence_level":0.95,"lower_bound":5.628442968795245,"upper_bound":5.6400288019530755},"point_estimate":5.63408421467846,"standard_error":0.002960436437523615},"StdDev":{"confidence_interval":{"confidence_level":0.95,"lower_bound":0.026612565101364408,"upper_bound":0.04609851524515309},"point_estimate":0.03641896632480826,"standard_error":0.005027827976071395}}