{"Mean":{"confidence_interval":{"confidence_level":0.95,"lower_bound":4.908490196913969,"upper_bound":4.926498378934007},"point_estimate":4.916673721558341,"standard_error":0.00462825371877322},"Median":{"confidence_interval":{"confidence_level":0.95,"lower_bound":4.897660475543439,"upper_bound":4.909491108091488},"point_estimate":4.901823256737996,"standard_error":0.002988569580399853},"MedianAbsDev":{"confidence_interval":{"confidence_level":0.95,"lower_bound":0.014625483372036245,"upper_bound":0.025809802759335577},"point_estimate":0.020278799085460927,"standard_error":0.002861341912698881},"Slope":{"confidence_interval":{"confidence_level":0.95,"lower_bound":4.910667863862331,"upper_bound":4.9448881925073485},"point_estimate":4.925548656835551,"standard_error":0.008835641198956056},"StdDev":{"confidence_interval":{"confidence_level":0.95,"lower_bound":0.025615480252609357,"upper_bound":0.06518434770094002},"point_estimate":0.04659489019444965,"standard_error":0.010231089893569119}}