{"Mean":{"confidence_interval":{"confidence_level":0.95,"lower_bound":-0.1431180000480955,"upper_bound":-0.13597832028586507},"point_estimate":-0.13969533968882575,"standard_error":0.001849539523178556},"Median":{"confidence_interval":{"confidence_level":0.95,"lower_bound":-0.14323688586827232,"upper_bound":-0.14108251269269678},"point_estimate":-0.1423781645619443,"standard_error":0.0005121385468602177}}