{"Mean":{"confidence_interval":{"confidence_level":0.95,"lower_bound":3.0974738569327718,"upper_bound":3.1110880978093536},"point_estimate":3.10372372229249,"standard_error":0.003487144904927229},"Median":{"confidence_interval":{"confidence_level":0.95,"lower_bound":3.0885390424270116,"upper_bound":3.0927571591364202},"point_estimate":3.0904576490030067,"standard_error":0.0010367769405269834},"MedianAbsDev":{"confidence_interval":{"confidence_level":0.95,"lower_bound":0.004516104223204173,"upper_bound":0.010382409908877586},"point_estimate":0.006620597626494431,"standard_error":0.0013975893685370044},"Slope":{"confidence_interval":{"confidence_level":0.95,"lower_bound":3.0942338707435617,"upper_bound":3.1087378084292436},"point_estimate":3.1005626066918706,"standard_error":0.003722266854269236},"StdDev":{"confidence_interval":{"confidence_level":0.95,"lower_bound":0.020953875988240757,"upper_bound":0.0469199466164384},"point_estimate":0.035152580599740635,"standard_error":0.0066275662847566355}}