{"Mean":{"confidence_interval":{"confidence_level":0.95,"lower_bound":-0.0005462212415080963,"upper_bound":0.019260716561545498},"point_estimate":0.007474895474469001,"standard_error":0.005307270122016333},"Median":{"confidence_interval":{"confidence_level":0.95,"lower_bound":-0.0010747467645730764,"upper_bound":0.0014365034208096983},"point_estimate":0.00017379051237287335,"standard_error":0.0006392429488154326}}