{"Mean":{"confidence_interval":{"confidence_level":0.95,"lower_bound":2.86349132842888,"upper_bound":2.8745952115939795},"point_estimate":2.8687919648833144,"standard_error":0.0028327400317577313},"Median":{"confidence_interval":{"confidence_level":0.95,"lower_bound":2.860640692329888,"upper_bound":2.8680432420052533},"point_estimate":2.862474869938661,"standard_error":0.002131787478532894},"MedianAbsDev":{"confidence_interval":{"confidence_level":0.95,"lower_bound":0.011201023563889924,"upper_bound":0.019512615775053702},"point_estimate":0.015009904739367459,"standard_error":0.002014939856010977},"Slope":{"confidence_interval":{"confidence_level":0.95,"lower_bound":2.860074531326335,"upper_bound":2.871124402410994},"point_estimate":2.8648546716189265,"standard_error":0.002856417471834441},"StdDev":{"confidence_interval":{"confidence_level":0.95,"lower_bound":0.020189322641541843,"upper_bound":0.036497711822129464},"point_estimate":0.028414391590517268,"standard_error":0.004220510201646329}}