{"Mean":{"confidence_interval":{"confidence_level":0.95,"lower_bound":5.586272142210027,"upper_bound":5.670494778934611},"point_estimate":5.623374095454114,"standard_error":0.021558101888296488},"Median":{"confidence_interval":{"confidence_level":0.95,"lower_bound":5.560370988848686,"upper_bound":5.6135862911807966},"point_estimate":5.582000305639408,"standard_error":0.01571543640102174},"MedianAbsDev":{"confidence_interval":{"confidence_level":0.95,"lower_bound":0.08296214988074496,"upper_bound":0.13743180633212326},"point_estimate":0.10688495991538219,"standard_error":0.013802585534636678},"Slope":{"confidence_interval":{"confidence_level":0.95,"lower_bound":5.601548941531098,"upper_bound":5.659769265734845},"point_estimate":5.629442187318656,"standard_error":0.014893617337624754},"StdDev":{"confidence_interval":{"confidence_level":0.95,"lower_bound":0.11267324919275341,"upper_bound":0.32588579360950987},"point_estimate":0.2168962623914484,"standard_error":0.06374140437007934}}