{"Mean":{"confidence_interval":{"confidence_level":0.95,"lower_bound":0.011144742535757098,"upper_bound":0.025320716505534902},"point_estimate":0.018246612522197392,"standard_error":0.0035938637402873575},"Median":{"confidence_interval":{"confidence_level":0.95,"lower_bound":0.010803579700390253,"upper_bound":0.02292743541373762},"point_estimate":0.015925696966290648,"standard_error":0.003009030275252097}}