{"Mean":{"confidence_interval":{"confidence_level":0.95,"lower_bound":1.3951414487628584,"upper_bound":1.4053164320828364},"point_estimate":1.3998697676904308,"standard_error":0.002597697583014214},"Median":{"confidence_interval":{"confidence_level":0.95,"lower_bound":1.390770636234451,"upper_bound":1.3922332460977356},"point_estimate":1.3913660210887735,"standard_error":0.00042252409033538064},"MedianAbsDev":{"confidence_interval":{"confidence_level":0.95,"lower_bound":0.0022137102257125617,"upper_bound":0.00444397283782632},"point_estimate":0.0028428813180077263,"standard_error":0.0005462770329730112},"Slope":{"confidence_interval":{"confidence_level":0.95,"lower_bound":1.401617047652947,"upper_bound":1.4252515211214978},"point_estimate":1.4134786847736767,"standard_error":0.006065843789079485},"StdDev":{"confidence_interval":{"confidence_level":0.95,"lower_bound":0.017811221925465852,"upper_bound":0.032453563113514425},"point_estimate":0.026116950101307955,"standard_error":0.003769991353947143}}