{"Mean":{"confidence_interval":{"confidence_level":0.95,"lower_bound":-0.11057568468674174,"upper_bound":-0.09650824652356403},"point_estimate":-0.10466754345379803,"standard_error":0.0037102968966035675},"Median":{"confidence_interval":{"confidence_level":0.95,"lower_bound":-0.11092775355700535,"upper_bound":-0.1089087175410065},"point_estimate":-0.11009329254724942,"standard_error":0.0005148538138555705}}