{"Mean":{"confidence_interval":{"confidence_level":0.95,"lower_bound":2.0742251920105987,"upper_bound":2.076204741280389},"point_estimate":2.075179426549264,"standard_error":0.0005058660016309582},"Median":{"confidence_interval":{"confidence_level":0.95,"lower_bound":2.0734615315695306,"upper_bound":2.075348253151715},"point_estimate":2.0746057105788305,"standard_error":0.0005732976314202372},"MedianAbsDev":{"confidence_interval":{"confidence_level":0.95,"lower_bound":0.0022528148788840004,"upper_bound":0.0038909047656555964},"point_estimate":0.002773194547865866,"standard_error":0.000411935686345612},"Slope":{"confidence_interval":{"confidence_level":0.95,"lower_bound":2.0735696491713766,"upper_bound":2.074829531097448},"point_estimate":2.074164826142094,"standard_error":0.0003219148823437804},"StdDev":{"confidence_interval":{"confidence_level":0.95,"lower_bound":0.003703458850019287,"upper_bound":0.006345442400787317},"point_estimate":0.005079902673161015,"standard_error":0.0006780155417785338}}