{"Mean":{"confidence_interval":{"confidence_level":0.95,"lower_bound":3.915674091905793,"upper_bound":3.953441819768762},"point_estimate":3.9343883599579628,"standard_error":0.009657823371208182},"Median":{"confidence_interval":{"confidence_level":0.95,"lower_bound":3.9148438056074917,"upper_bound":3.9497861761278785},"point_estimate":3.9322494686632092,"standard_error":0.009480566646289993},"MedianAbsDev":{"confidence_interval":{"confidence_level":0.95,"lower_bound":0.06532510109633669,"upper_bound":0.10576010597394467},"point_estimate":0.08691061097539267,"standard_error":0.011153879600796987},"Slope":{"confidence_interval":{"confidence_level":0.95,"lower_bound":3.932637189866,"upper_bound":3.989339664363703},"point_estimate":3.9576745438121566,"standard_error":0.01462603624993841},"StdDev":{"confidence_interval":{"confidence_level":0.95,"lower_bound":0.07503954942629926,"upper_bound":0.11994308609150882},"point_estimate":0.09730432831546425,"standard_error":0.011602520944279743}}