{"Mean":{"confidence_interval":{"confidence_level":0.95,"lower_bound":1.8040753187595828,"upper_bound":1.8121457759995556},"point_estimate":1.807229024619465,"standard_error":0.0021495595135232175},"Median":{"confidence_interval":{"confidence_level":0.95,"lower_bound":1.8015479921614568,"upper_bound":1.8028116399149003},"point_estimate":1.8020155933438566,"standard_error":0.00038894725731548587},"MedianAbsDev":{"confidence_interval":{"confidence_level":0.95,"lower_bound":0.00247153183576842,"upper_bound":0.004426435181333603},"point_estimate":0.003284522816598539,"standard_error":0.0005334796093788688},"Slope":{"confidence_interval":{"confidence_level":0.95,"lower_bound":1.8035450640997546,"upper_bound":1.823647840299479},"point_estimate":1.8105249170881006,"standard_error":0.0057609876273620065},"StdDev":{"confidence_interval":{"confidence_level":0.95,"lower_bound":0.006242319135232127,"upper_bound":0.035621651616935736},"point_estimate":0.021641478741653758,"standard_error":0.009721932157763916}}