{"Mean":{"confidence_interval":{"confidence_level":0.95,"lower_bound":3.1964767544699346,"upper_bound":3.202505128584258},"point_estimate":3.1993645859737136,"standard_error":0.001538959806312253},"Median":{"confidence_interval":{"confidence_level":0.95,"lower_bound":3.1925426122019473,"upper_bound":3.1979774100928955},"point_estimate":3.1946404528280485,"standard_error":0.0013800593680983707},"MedianAbsDev":{"confidence_interval":{"confidence_level":0.95,"lower_bound":0.006900423843703458,"upper_bound":0.013506646597839416},"point_estimate":0.009867094435147323,"standard_error":0.0016414348434967768},"Slope":{"confidence_interval":{"confidence_level":0.95,"lower_bound":3.195859628541978,"upper_bound":3.200877703085845},"point_estimate":3.198301867748863,"standard_error":0.0012813524646670333},"StdDev":{"confidence_interval":{"confidence_level":0.95,"lower_bound":0.011818222587235078,"upper_bound":0.018505156521333138},"point_estimate":0.015425367781795242,"standard_error":0.0017105526996571778}}