{"Mean":{"confidence_interval":{"confidence_level":0.95,"lower_bound":2.167805861214239,"upper_bound":2.169326270249047},"point_estimate":2.168539888717687,"standard_error":0.00038780447028978796},"Median":{"confidence_interval":{"confidence_level":0.95,"lower_bound":2.166865079817755,"upper_bound":2.1681856609804453},"point_estimate":2.16732932762764,"standard_error":0.000319876086964419},"MedianAbsDev":{"confidence_interval":{"confidence_level":0.95,"lower_bound":0.0018655909558382487,"upper_bound":0.0035621167069651953},"point_estimate":0.0026387849941901776,"standard_error":0.0004320105270930215},"Slope":{"confidence_interval":{"confidence_level":0.95,"lower_bound":2.167225060495149,"upper_bound":2.168131846610323},"point_estimate":2.1676589594238593,"standard_error":0.00023152671711752898},"StdDev":{"confidence_interval":{"confidence_level":0.95,"lower_bound":0.002989052518385389,"upper_bound":0.004745257258855719},"point_estimate":0.0038893649125027042,"standard_error":0.00045191795295440926}}