{"Mean":{"confidence_interval":{"confidence_level":0.95,"lower_bound":3.89615521193206,"upper_bound":3.9374879760750345},"point_estimate":3.9171035123536533,"standard_error":0.010569717940420059},"Median":{"confidence_interval":{"confidence_level":0.95,"lower_bound":3.8948282500011357,"upper_bound":3.9468242779163503},"point_estimate":3.9118900173527895,"standard_error":0.01208115123098472},"MedianAbsDev":{"confidence_interval":{"confidence_level":0.95,"lower_bound":0.08135333685465702,"upper_bound":0.1295160271637056},"point_estimate":0.10459814084141843,"standard_error":0.012124182198156235},"Slope":{"confidence_interval":{"confidence_level":0.95,"lower_bound":3.907539769612342,"upper_bound":3.9562943850601364},"point_estimate":3.9325034518557977,"standard_error":0.012429452952410366},"StdDev":{"confidence_interval":{"confidence_level":0.95,"lower_bound":0.09013015129749438,"upper_bound":0.12254949371510206},"point_estimate":0.1069017090447715,"standard_error":0.008291121230477438}}