{"Mean":{"confidence_interval":{"confidence_level":0.95,"lower_bound":4.24382433349474,"upper_bound":4.258440553947414},"point_estimate":4.2505777044783075,"standard_error":0.00373728000837432},"Median":{"confidence_interval":{"confidence_level":0.95,"lower_bound":4.232209410204757,"upper_bound":4.245608907698575},"point_estimate":4.23708070642417,"standard_error":0.003275170891653507},"MedianAbsDev":{"confidence_interval":{"confidence_level":0.95,"lower_bound":0.010242403716791486,"upper_bound":0.025561870832720546},"point_estimate":0.016926549192619388,"standard_error":0.0037436166331510853},"Slope":{"confidence_interval":{"confidence_level":0.95,"lower_bound":4.242340537390601,"upper_bound":4.255179762034747},"point_estimate":4.248261034538326,"standard_error":0.003285073629140437},"StdDev":{"confidence_interval":{"confidence_level":0.95,"lower_bound":0.02324881655800958,"upper_bound":0.05154555730249874},"point_estimate":0.03778323218906521,"standard_error":0.0073554152309560005}}