{"Mean":{"confidence_interval":{"confidence_level":0.95,"lower_bound":2.6725279989967388,"upper_bound":2.679194636361548},"point_estimate":2.6757129243178417,"standard_error":0.0017031000920844728},"Median":{"confidence_interval":{"confidence_level":0.95,"lower_bound":2.6680125326854385,"upper_bound":2.672615844584515},"point_estimate":2.669623019005477,"standard_error":0.0011392245974071436},"MedianAbsDev":{"confidence_interval":{"confidence_level":0.95,"lower_bound":0.00706470406525866,"upper_bound":0.012431603495949193},"point_estimate":0.008838714941432983,"standard_error":0.0014424091857612082},"Slope":{"confidence_interval":{"confidence_level":0.95,"lower_bound":2.671776490770154,"upper_bound":2.6782160880306947},"point_estimate":2.6748128508185585,"standard_error":0.0016495404993460481},"StdDev":{"confidence_interval":{"confidence_level":0.95,"lower_bound":0.012649768911296877,"upper_bound":0.021160249713382512},"point_estimate":0.017136227002120072,"standard_error":0.0021728092150366703}}