{"Mean":{"confidence_interval":{"confidence_level":0.95,"lower_bound":4.124943182909467,"upper_bound":4.135764138607136},"point_estimate":4.12993674117268,"standard_error":0.002767160841498941},"Median":{"confidence_interval":{"confidence_level":0.95,"lower_bound":4.117594206055325,"upper_bound":4.120673034763103},"point_estimate":4.118429768413172,"standard_error":0.0008591414737436666},"MedianAbsDev":{"confidence_interval":{"confidence_level":0.95,"lower_bound":0.00415966899903828,"upper_bound":0.00893216615343763},"point_estimate":0.005778694416784761,"standard_error":0.001224117307947469},"Slope":{"confidence_interval":{"confidence_level":0.95,"lower_bound":4.1236843775930785,"upper_bound":4.133552162315562},"point_estimate":4.1282917339091325,"standard_error":0.0025289749130962187},"StdDev":{"confidence_interval":{"confidence_level":0.95,"lower_bound":0.017472846122909558,"upper_bound":0.037470698164903664},"point_estimate":0.027805989458774223,"standard_error":0.005187999383565961}}