{"Mean":{"confidence_interval":{"confidence_level":0.95,"lower_bound":2.09918150359887,"upper_bound":2.10498109599211},"point_estimate":2.10177212801747,"standard_error":0.0014894465997241971},"Median":{"confidence_interval":{"confidence_level":0.95,"lower_bound":2.09779093919461,"upper_bound":2.0999336533634936},"point_estimate":2.098940573122132,"standard_error":0.0005422081242787611},"MedianAbsDev":{"confidence_interval":{"confidence_level":0.95,"lower_bound":0.0035335630721634844,"upper_bound":0.006275705707899719},"point_estimate":0.005110228176129537,"standard_error":0.0006994488793585311},"Slope":{"confidence_interval":{"confidence_level":0.95,"lower_bound":2.096361944188131,"upper_bound":2.1080995373912215},"point_estimate":2.101439773410546,"standard_error":0.0030346368346795332},"StdDev":{"confidence_interval":{"confidence_level":0.95,"lower_bound":0.006059444490553042,"upper_bound":0.021100121461813174},"point_estimate":0.014981486477504413,"standard_error":0.0036471188383520358}}