{"Mean":{"confidence_interval":{"confidence_level":0.95,"lower_bound":-0.03136151353925015,"upper_bound":0.01107826184495943},"point_estimate":-0.008392828192967605,"standard_error":0.010866221974477341},"Median":{"confidence_interval":{"confidence_level":0.95,"lower_bound":0.0016250470888561352,"upper_bound":0.008989686561108495},"point_estimate":0.004828122972869053,"standard_error":0.0017616756165404882}}