{"Mean":{"confidence_interval":{"confidence_level":0.95,"lower_bound":-0.04905147769548653,"upper_bound":-0.03562249416673026},"point_estimate":-0.04362101857535494,"standard_error":0.003569500640565004},"Median":{"confidence_interval":{"confidence_level":0.95,"lower_bound":-0.05280055764278005,"upper_bound":-0.048827573486477815},"point_estimate":-0.05052181406166034,"standard_error":0.0010528564234293526}}