{"Mean":{"confidence_interval":{"confidence_level":0.95,"lower_bound":0.16994065941736836,"upper_bound":0.19003703461265728},"point_estimate":0.1799983920089958,"standard_error":0.005094840784424945},"Median":{"confidence_interval":{"confidence_level":0.95,"lower_bound":0.17849137678280114,"upper_bound":0.18925949021607447},"point_estimate":0.18295356206844593,"standard_error":0.0027402234287272347}}