{"Mean":{"confidence_interval":{"confidence_level":0.95,"lower_bound":3.3070355597699974,"upper_bound":3.4238676035277518},"point_estimate":3.3509285729022213,"standard_error":0.03133756390185419},"Median":{"confidence_interval":{"confidence_level":0.95,"lower_bound":3.3200514567084656,"upper_bound":3.3421560312033467},"point_estimate":3.3332141400678355,"standard_error":0.006844800473458223},"MedianAbsDev":{"confidence_interval":{"confidence_level":0.95,"lower_bound":0.019886765232164583,"upper_bound":0.0459598896202535},"point_estimate":0.0299274258963524,"standard_error":0.006977310405575137},"Slope":{"confidence_interval":{"confidence_level":0.95,"lower_bound":3.2772185336152533,"upper_bound":3.3076205603438464},"point_estimate":3.292181925457222,"standard_error":0.007743441846518426},"StdDev":{"confidence_interval":{"confidence_level":0.95,"lower_bound":0.051410485026545244,"upper_bound":0.5260849835350965},"point_estimate":0.3146825658585784,"standard_error":0.14932936754733472}}