{"Mean":{"confidence_interval":{"confidence_level":0.95,"lower_bound":3.0779844921860957,"upper_bound":3.0855101195436823},"point_estimate":3.081661664414257,"standard_error":0.0019182379206411553},"Median":{"confidence_interval":{"confidence_level":0.95,"lower_bound":3.07680704372296,"upper_bound":3.0837162418806994},"point_estimate":3.0802007265542963,"standard_error":0.0018199457390532991},"MedianAbsDev":{"confidence_interval":{"confidence_level":0.95,"lower_bound":0.010637483647955108,"upper_bound":0.018704575881928323},"point_estimate":0.015298127787231856,"standard_error":0.002011998604137216},"Slope":{"confidence_interval":{"confidence_level":0.95,"lower_bound":3.0775664074215725,"upper_bound":3.0831350217793854},"point_estimate":3.0803310726007123,"standard_error":0.00142469656870611},"StdDev":{"confidence_interval":{"confidence_level":0.95,"lower_bound":0.015595150084215475,"upper_bound":0.02269891385348379},"point_estimate":0.01935998418303535,"standard_error":0.001817540672445926}}