{"Mean":{"confidence_interval":{"confidence_level":0.95,"lower_bound":0.005313345256347479,"upper_bound":0.009651860800171002},"point_estimate":0.007568445335762064,"standard_error":0.0010994407553811655},"Median":{"confidence_interval":{"confidence_level":0.95,"lower_bound":0.005172899045784747,"upper_bound":0.00881626235999855},"point_estimate":0.006869077217913411,"standard_error":0.000898411377054969}}