{"Mean":{"confidence_interval":{"confidence_level":0.95,"lower_bound":2.0121476997625543,"upper_bound":2.017638655260015},"point_estimate":2.0145759991398404,"standard_error":0.0014191498198666125},"Median":{"confidence_interval":{"confidence_level":0.95,"lower_bound":2.0117373066104123,"upper_bound":2.0128601447008787},"point_estimate":2.0124316138407727,"standard_error":0.0002399907640671537},"MedianAbsDev":{"confidence_interval":{"confidence_level":0.95,"lower_bound":0.002025861027269749,"upper_bound":0.0036294085382000485},"point_estimate":0.0028156668960005243,"standard_error":0.00040097522730430583},"Slope":{"confidence_interval":{"confidence_level":0.95,"lower_bound":2.0125885553948772,"upper_bound":2.0225135118720328},"point_estimate":2.016664558185694,"standard_error":0.002630569625682825},"StdDev":{"confidence_interval":{"confidence_level":0.95,"lower_bound":0.0038003052499827068,"upper_bound":0.020957311669348447},"point_estimate":0.014309125376412594,"standard_error":0.004141038225367561}}