{"Mean":{"confidence_interval":{"confidence_level":0.95,"lower_bound":2.475674671042078,"upper_bound":2.483135997203513},"point_estimate":2.479090436105579,"standard_error":0.0019074759082785171},"Median":{"confidence_interval":{"confidence_level":0.95,"lower_bound":2.4723287302617956,"upper_bound":2.476378825655048},"point_estimate":2.474106623345371,"standard_error":0.0009388508339009285},"MedianAbsDev":{"confidence_interval":{"confidence_level":0.95,"lower_bound":0.006219605868285669,"upper_bound":0.011325578613787485},"point_estimate":0.00816814390880976,"standard_error":0.0012962753269956826},"Slope":{"confidence_interval":{"confidence_level":0.95,"lower_bound":2.4738879962829707,"upper_bound":2.4796612360196013},"point_estimate":2.4764794287243674,"standard_error":0.0014743323225929227},"StdDev":{"confidence_interval":{"confidence_level":0.95,"lower_bound":0.011439314358541832,"upper_bound":0.02670249293995093},"point_estimate":0.019261019119446082,"standard_error":0.0039949231430611}}