{"Mean":{"confidence_interval":{"confidence_level":0.95,"lower_bound":0.11645770874356268,"upper_bound":0.12722061897727935},"point_estimate":0.12217147723145949,"standard_error":0.0027517863873455883},"Median":{"confidence_interval":{"confidence_level":0.95,"lower_bound":0.12162446259499005,"upper_bound":0.12357500743911304},"point_estimate":0.12275639589187537,"standard_error":0.0005022693306287067}}