{"Mean":{"confidence_interval":{"confidence_level":0.95,"lower_bound":2.583707042431835,"upper_bound":2.5854633028770744},"point_estimate":2.5845473874645863,"standard_error":0.00044829246347869584},"Median":{"confidence_interval":{"confidence_level":0.95,"lower_bound":2.583172878623561,"upper_bound":2.584236989305561},"point_estimate":2.583638624524725,"standard_error":0.0002491842983679501},"MedianAbsDev":{"confidence_interval":{"confidence_level":0.95,"lower_bound":0.002358312966068985,"upper_bound":0.00382821859914115},"point_estimate":0.0032401100227685766,"standard_error":0.0003968055238021469},"Slope":{"confidence_interval":{"confidence_level":0.95,"lower_bound":2.5834027313564847,"upper_bound":2.5855819166948835},"point_estimate":2.5843807049252816,"standard_error":0.0005583246084593408},"StdDev":{"confidence_interval":{"confidence_level":0.95,"lower_bound":0.00327050223387759,"upper_bound":0.005746552814033843},"point_estimate":0.004504181156746617,"standard_error":0.0006437715760651025}}