{"Mean":{"confidence_interval":{"confidence_level":0.95,"lower_bound":3.8703509787294985,"upper_bound":3.8907679274438434},"point_estimate":3.8792657147495193,"standard_error":0.005264858836221707},"Median":{"confidence_interval":{"confidence_level":0.95,"lower_bound":3.861851148171604,"upper_bound":3.8659347782570705},"point_estimate":3.863223340943505,"standard_error":0.0012121968492502595},"MedianAbsDev":{"confidence_interval":{"confidence_level":0.95,"lower_bound":0.00479762206198846,"upper_bound":0.009623720262895942},"point_estimate":0.006572664945197076,"standard_error":0.001251841606470586},"Slope":{"confidence_interval":{"confidence_level":0.95,"lower_bound":3.869946833239618,"upper_bound":3.8858180384604095},"point_estimate":3.8773322761064186,"standard_error":0.004066360836905979},"StdDev":{"confidence_interval":{"confidence_level":0.95,"lower_bound":0.02076477095470095,"upper_bound":0.07779594001953326},"point_estimate":0.052701153046114835,"standard_error":0.015181497132042133}}