{"Mean":{"confidence_interval":{"confidence_level":0.95,"lower_bound":2.3306189941472946,"upper_bound":2.3530035702689416},"point_estimate":2.340528737973216,"standard_error":0.005735851556071288},"Median":{"confidence_interval":{"confidence_level":0.95,"lower_bound":2.3176693451213524,"upper_bound":2.3268292078147623},"point_estimate":2.3210235974532747,"standard_error":0.0021562845085952398},"MedianAbsDev":{"confidence_interval":{"confidence_level":0.95,"lower_bound":0.005183528427526617,"upper_bound":0.01729443461418651},"point_estimate":0.009945864546815454,"standard_error":0.002949308951145545},"Slope":{"confidence_interval":{"confidence_level":0.95,"lower_bound":2.3251566778849555,"upper_bound":2.341303036502808},"point_estimate":2.332335780548636,"standard_error":0.004160786234984508},"StdDev":{"confidence_interval":{"confidence_level":0.95,"lower_bound":0.028725601852009022,"upper_bound":0.08514635496003897},"point_estimate":0.05788364755344592,"standard_error":0.01539907002376955}}