{"Mean":{"confidence_interval":{"confidence_level":0.95,"lower_bound":1.8190939790432334,"upper_bound":1.849555384529495},"point_estimate":1.832531105078881,"standard_error":0.007824067835178434},"Median":{"confidence_interval":{"confidence_level":0.95,"lower_bound":1.849731334475297,"upper_bound":1.8542838119521494},"point_estimate":1.8535372917685176,"standard_error":0.0075670228879472735},"MedianAbsDev":{"confidence_interval":{"confidence_level":0.95,"lower_bound":0.002733658350519307,"upper_bound":0.0894877637406433},"point_estimate":0.005915018688926571,"standard_error":0.01822931149032095},"Slope":{"confidence_interval":{"confidence_level":0.95,"lower_bound":1.8420856269818722,"upper_bound":1.8505162040119376},"point_estimate":1.8467824124226855,"standard_error":0.0021484599197503624},"StdDev":{"confidence_interval":{"confidence_level":0.95,"lower_bound":0.04058966853942536,"upper_bound":0.11890264282959691},"point_estimate":0.07877611414625078,"standard_error":0.022986746551707907}}