{"Mean":{"confidence_interval":{"confidence_level":0.95,"lower_bound":2.6723205285216234,"upper_bound":2.685536567329724},"point_estimate":2.6785297369694714,"standard_error":0.0033876426846163265},"Median":{"confidence_interval":{"confidence_level":0.95,"lower_bound":2.6642620211259773,"upper_bound":2.671728284547714},"point_estimate":2.667362254144975,"standard_error":0.0019557238747562366},"MedianAbsDev":{"confidence_interval":{"confidence_level":0.95,"lower_bound":0.012588171259504224,"upper_bound":0.021899049619395428},"point_estimate":0.01630477753716248,"standard_error":0.002460631180304369},"Slope":{"confidence_interval":{"confidence_level":0.95,"lower_bound":2.6666800478960875,"upper_bound":2.6779332868930656},"point_estimate":2.6717607173106943,"standard_error":0.0028828115779340993},"StdDev":{"confidence_interval":{"confidence_level":0.95,"lower_bound":0.023241864075735114,"upper_bound":0.043129069523358744},"point_estimate":0.03405612858791022,"standard_error":0.005099169020275326}}