{"Mean":{"confidence_interval":{"confidence_level":0.95,"lower_bound":1.574962401612651,"upper_bound":1.5884296176963784},"point_estimate":1.5816537470194336,"standard_error":0.0034408042160566504},"Median":{"confidence_interval":{"confidence_level":0.95,"lower_bound":1.5511258509884394,"upper_bound":1.6082801971619753},"point_estimate":1.5865600559142354,"standard_error":0.024273048609233655},"MedianAbsDev":{"confidence_interval":{"confidence_level":0.95,"lower_bound":0.008857913260545093,"upper_bound":0.06116734248089629},"point_estimate":0.048198849513968606,"standard_error":0.013566391258222607},"Slope":{"confidence_interval":{"confidence_level":0.95,"lower_bound":1.5998704640994226,"upper_bound":1.6078700217373787},"point_estimate":1.6041948515061921,"standard_error":0.002038997625686129},"StdDev":{"confidence_interval":{"confidence_level":0.95,"lower_bound":0.031245361792248655,"upper_bound":0.03905929871877827},"point_estimate":0.03451161932207735,"standard_error":0.002214283387859882}}