{"Mean":{"confidence_interval":{"confidence_level":0.95,"lower_bound":-0.1415654107312053,"upper_bound":-0.1336951775875319},"point_estimate":-0.13799675666786926,"standard_error":0.0020134518963069955},"Median":{"confidence_interval":{"confidence_level":0.95,"lower_bound":-0.14407750858013502,"upper_bound":-0.1408335643996359},"point_estimate":-0.14250155183696078,"standard_error":0.0007596754044734919}}