{"Mean":{"confidence_interval":{"confidence_level":0.95,"lower_bound":1.8061747385241438,"upper_bound":1.8123897295135283},"point_estimate":1.8090391295770332,"standard_error":0.0015885168152209898},"Median":{"confidence_interval":{"confidence_level":0.95,"lower_bound":1.80115875265175,"upper_bound":1.804025059866997},"point_estimate":1.8020945317042851,"standard_error":0.0007199704207349526},"MedianAbsDev":{"confidence_interval":{"confidence_level":0.95,"lower_bound":0.002284249630846585,"upper_bound":0.006323526420468553},"point_estimate":0.0036565163800389034,"standard_error":0.0010003964455076613},"Slope":{"confidence_interval":{"confidence_level":0.95,"lower_bound":1.8053131626046082,"upper_bound":1.8106278264134095},"point_estimate":1.8077496131340287,"standard_error":0.00135610867161083},"StdDev":{"confidence_interval":{"confidence_level":0.95,"lower_bound":0.010518452645202661,"upper_bound":0.021761370230792613},"point_estimate":0.015998482855502687,"standard_error":0.0030329960152291756}}