{"Mean":{"confidence_interval":{"confidence_level":0.95,"lower_bound":3.610915384024429,"upper_bound":3.6215048452001404},"point_estimate":3.6157796942308074,"standard_error":0.0027042650792915243},"Median":{"confidence_interval":{"confidence_level":0.95,"lower_bound":3.6037820021914384,"upper_bound":3.6073539502116003},"point_estimate":3.6055322910099177,"standard_error":0.0008930999640779378},"MedianAbsDev":{"confidence_interval":{"confidence_level":0.95,"lower_bound":0.0047110697841333616,"upper_bound":0.009965122260494706},"point_estimate":0.007150405554528903,"standard_error":0.0013620853468093394},"Slope":{"confidence_interval":{"confidence_level":0.95,"lower_bound":3.6082734949540596,"upper_bound":3.6161958400661227},"point_estimate":3.6118339450586445,"standard_error":0.002024710018630113},"StdDev":{"confidence_interval":{"confidence_level":0.95,"lower_bound":0.016835278595407965,"upper_bound":0.03647315740553277},"point_estimate":0.027187008864273877,"standard_error":0.005033372596580796}}