{"Mean":{"confidence_interval":{"confidence_level":0.95,"lower_bound":1.9246703257115156,"upper_bound":1.9284878137370642},"point_estimate":1.9264822964823063,"standard_error":0.0009798825574793767},"Median":{"confidence_interval":{"confidence_level":0.95,"lower_bound":1.9215156633382477,"upper_bound":1.9245069471409673},"point_estimate":1.922991270966374,"standard_error":0.0009439455858293931},"MedianAbsDev":{"confidence_interval":{"confidence_level":0.95,"lower_bound":0.0037897914051743162,"upper_bound":0.007761179368961196},"point_estimate":0.0056430609439853275,"standard_error":0.0011876439672226149},"Slope":{"confidence_interval":{"confidence_level":0.95,"lower_bound":1.9232902927950382,"upper_bound":1.926461918634243},"point_estimate":1.9248142946159703,"standard_error":0.0008150618724740346},"StdDev":{"confidence_interval":{"confidence_level":0.95,"lower_bound":0.007123813040778761,"upper_bound":0.012455865698158212},"point_estimate":0.009831548823864016,"standard_error":0.0013837443012688234}}