{"Mean":{"confidence_interval":{"confidence_level":0.95,"lower_bound":0.11920075176548121,"upper_bound":0.12652709993815167},"point_estimate":0.12302767898932943,"standard_error":0.0018686751822304662},"Median":{"confidence_interval":{"confidence_level":0.95,"lower_bound":0.12228637465793502,"upper_bound":0.1245406314536841},"point_estimate":0.12321512574960392,"standard_error":0.0005482187216205696}}