{"Mean":{"confidence_interval":{"confidence_level":0.95,"lower_bound":3.415196596778395,"upper_bound":3.4401940795591153},"point_estimate":3.4261720953068355,"standard_error":0.006410127888454178},"Median":{"confidence_interval":{"confidence_level":0.95,"lower_bound":3.4086008799613916,"upper_bound":3.41062942433212},"point_estimate":3.409218006692778,"standard_error":0.00046810083786987493},"MedianAbsDev":{"confidence_interval":{"confidence_level":0.95,"lower_bound":0.003920239895217899,"upper_bound":0.008626001711135528},"point_estimate":0.005214943557359885,"standard_error":0.0012743587842261998},"Slope":{"confidence_interval":{"confidence_level":0.95,"lower_bound":3.414457149000336,"upper_bound":3.443567082551457},"point_estimate":3.427081172350686,"standard_error":0.007460154335288934},"StdDev":{"confidence_interval":{"confidence_level":0.95,"lower_bound":0.027190565436538864,"upper_bound":0.09544607695831304},"point_estimate":0.06470819834939853,"standard_error":0.017744720517779873}}