{"Mean":{"confidence_interval":{"confidence_level":0.95,"lower_bound":5.346654925588593,"upper_bound":5.445448705246458},"point_estimate":5.392190051964241,"standard_error":0.025278172677300703},"Median":{"confidence_interval":{"confidence_level":0.95,"lower_bound":5.308476900659981,"upper_bound":5.329492175659093},"point_estimate":5.320283654641155,"standard_error":0.004696601000259695},"MedianAbsDev":{"confidence_interval":{"confidence_level":0.95,"lower_bound":0.04030064550665846,"upper_bound":0.06927719425781877},"point_estimate":0.05241176228061009,"standard_error":0.006774631720460568},"Slope":{"confidence_interval":{"confidence_level":0.95,"lower_bound":5.328307644439107,"upper_bound":5.391616834559297},"point_estimate":5.356985751429923,"standard_error":0.01614392942904096},"StdDev":{"confidence_interval":{"confidence_level":0.95,"lower_bound":0.15421075203370396,"upper_bound":0.33643103426285037},"point_estimate":0.2543029486525924,"standard_error":0.04647034526624581}}