{"Mean":{"confidence_interval":{"confidence_level":0.95,"lower_bound":3.6190005426988683,"upper_bound":3.678991362992578},"point_estimate":3.6481546342514446,"standard_error":0.015340741079263219},"Median":{"confidence_interval":{"confidence_level":0.95,"lower_bound":3.571341115151092,"upper_bound":3.6194255366279147},"point_estimate":3.5914647231656653,"standard_error":0.01405605676492989},"MedianAbsDev":{"confidence_interval":{"confidence_level":0.95,"lower_bound":0.08624255386552229,"upper_bound":0.15808761449646025},"point_estimate":0.11944781769205524,"standard_error":0.01939625347824382},"Slope":{"confidence_interval":{"confidence_level":0.95,"lower_bound":3.633638923611095,"upper_bound":3.7119397537192222},"point_estimate":3.671835044007543,"standard_error":0.020025656269441704},"StdDev":{"confidence_interval":{"confidence_level":0.95,"lower_bound":0.12693198359747773,"upper_bound":0.17892208940179039},"point_estimate":0.15455369598452864,"standard_error":0.013288102425847877}}