{"Mean":{"confidence_interval":{"confidence_level":0.95,"lower_bound":6.963963785249112,"upper_bound":7.080777838039474},"point_estimate":7.020498052691765,"standard_error":0.029831149969388165},"Median":{"confidence_interval":{"confidence_level":0.95,"lower_bound":6.929221723755788,"upper_bound":7.052051374085585},"point_estimate":6.985936781423921,"standard_error":0.032929665839747824},"MedianAbsDev":{"confidence_interval":{"confidence_level":0.95,"lower_bound":0.22350530484274678,"upper_bound":0.35328689485567477},"point_estimate":0.2771537680629904,"standard_error":0.03370348574346121},"Slope":{"confidence_interval":{"confidence_level":0.95,"lower_bound":6.97719410302808,"upper_bound":7.08501661832516},"point_estimate":7.029247678575693,"standard_error":0.02743455585339724},"StdDev":{"confidence_interval":{"confidence_level":0.95,"lower_bound":0.23129380502027672,"upper_bound":0.3661059590065838},"point_estimate":0.30037631051983704,"standard_error":0.0346542938822796}}