{"Mean":{"confidence_interval":{"confidence_level":0.95,"lower_bound":3.9235992857557633,"upper_bound":3.9831236062633653},"point_estimate":3.953999205594131,"standard_error":0.015172156270014963},"Median":{"confidence_interval":{"confidence_level":0.95,"lower_bound":3.932468868459018,"upper_bound":3.9924648223648562},"point_estimate":3.9533007942252967,"standard_error":0.014463230103496778},"MedianAbsDev":{"confidence_interval":{"confidence_level":0.95,"lower_bound":0.07640750066648254,"upper_bound":0.13722215300955468},"point_estimate":0.10725275751261454,"standard_error":0.016604304262351557},"Slope":{"confidence_interval":{"confidence_level":0.95,"lower_bound":3.9583232141438325,"upper_bound":4.009056413778927},"point_estimate":3.98295293197665,"standard_error":0.012945644395759084},"StdDev":{"confidence_interval":{"confidence_level":0.95,"lower_bound":0.10785210409631057,"upper_bound":0.19265795187095155},"point_estimate":0.15245715754426944,"standard_error":0.021630336570568325}}