{"Mean":{"confidence_interval":{"confidence_level":0.95,"lower_bound":0.009031558721988742,"upper_bound":0.03013020980027385},"point_estimate":0.018483272819162178,"standard_error":0.005463021955820427},"Median":{"confidence_interval":{"confidence_level":0.95,"lower_bound":0.0025991089553163427,"upper_bound":0.011529158534247408},"point_estimate":0.00633613016616108,"standard_error":0.0024637902899420317}}