{"Mean":{"confidence_interval":{"confidence_level":0.95,"lower_bound":4.129945131700005,"upper_bound":4.14528124559714},"point_estimate":4.137097574645111,"standard_error":0.003917998561590622},"Median":{"confidence_interval":{"confidence_level":0.95,"lower_bound":4.118841379728157,"upper_bound":4.123634065401587},"point_estimate":4.120944843892571,"standard_error":0.0011098839301569678},"MedianAbsDev":{"confidence_interval":{"confidence_level":0.95,"lower_bound":0.00567782149015466,"upper_bound":0.012033893673456114},"point_estimate":0.008460669860679736,"standard_error":0.0016150258538219953},"Slope":{"confidence_interval":{"confidence_level":0.95,"lower_bound":4.1254738950924885,"upper_bound":4.134945559662615},"point_estimate":4.130010042385954,"standard_error":0.0024203521305030933},"StdDev":{"confidence_interval":{"confidence_level":0.95,"lower_bound":0.026249672297323758,"upper_bound":0.050177960015747834},"point_estimate":0.03945406982195731,"standard_error":0.006111564138260237}}