{"Mean":{"confidence_interval":{"confidence_level":0.95,"lower_bound":1.327636577897736,"upper_bound":1.3299070563077173},"point_estimate":1.3287444182928916,"standard_error":0.0005783611808297769},"Median":{"confidence_interval":{"confidence_level":0.95,"lower_bound":1.326774131148755,"upper_bound":1.329583809391798},"point_estimate":1.3288998578810622,"standard_error":0.0006159250804441765},"MedianAbsDev":{"confidence_interval":{"confidence_level":0.95,"lower_bound":0.0032681563404073086,"upper_bound":0.005882513838665869},"point_estimate":0.004969940171131273,"standard_error":0.0006728072095517278},"Slope":{"confidence_interval":{"confidence_level":0.95,"lower_bound":1.327074582416066,"upper_bound":1.3311286418425794},"point_estimate":1.3290852833650766,"standard_error":0.0010382199601640086},"StdDev":{"confidence_interval":{"confidence_level":0.95,"lower_bound":0.004567292175032225,"upper_bound":0.007066419281988793},"point_estimate":0.005828462172866592,"standard_error":0.0006431658286929822}}