{"Mean":{"confidence_interval":{"confidence_level":0.95,"lower_bound":1.5557166097725048,"upper_bound":1.5570913809680516},"point_estimate":1.5563938538573527,"standard_error":0.0003514611609539344},"Median":{"confidence_interval":{"confidence_level":0.95,"lower_bound":1.5555429440037558,"upper_bound":1.5568594644300395},"point_estimate":1.5562611468442982,"standard_error":0.0003131608575438533},"MedianAbsDev":{"confidence_interval":{"confidence_level":0.95,"lower_bound":0.0024190583468136195,"upper_bound":0.003893743261752425},"point_estimate":0.003154412046261272,"standard_error":0.0003791947059548596},"Slope":{"confidence_interval":{"confidence_level":0.95,"lower_bound":1.5562397026453492,"upper_bound":1.5578572184189288},"point_estimate":1.5570195708490295,"standard_error":0.0004119793362799404},"StdDev":{"confidence_interval":{"confidence_level":0.95,"lower_bound":0.0029548743369880526,"upper_bound":0.00408136274945214},"point_estimate":0.0035451121547765336,"standard_error":0.00028725555966964915}}