{"Mean":{"confidence_interval":{"confidence_level":0.95,"lower_bound":0.013355431031107251,"upper_bound":0.029557190088465725},"point_estimate":0.02136087692381916,"standard_error":0.004148592203084083},"Median":{"confidence_interval":{"confidence_level":0.95,"lower_bound":-0.0006525840249657078,"upper_bound":0.011651001521501447},"point_estimate":0.005461017096582088,"standard_error":0.00377252459135472}}