{"Mean":{"confidence_interval":{"confidence_level":0.95,"lower_bound":3.2366952678908634,"upper_bound":3.2508681717669803},"point_estimate":3.2430411337899083,"standard_error":0.0036344973406381882},"Median":{"confidence_interval":{"confidence_level":0.95,"lower_bound":3.2315850497498384,"upper_bound":3.2353771394861472},"point_estimate":3.233611372142663,"standard_error":0.00096562413296553},"MedianAbsDev":{"confidence_interval":{"confidence_level":0.95,"lower_bound":0.005548793174389507,"upper_bound":0.011627390234066285},"point_estimate":0.008084617545020418,"standard_error":0.0016506044362284637},"Slope":{"confidence_interval":{"confidence_level":0.95,"lower_bound":3.2356903498239844,"upper_bound":3.251880227452561},"point_estimate":3.242080067804067,"standard_error":0.00425840936938969},"StdDev":{"confidence_interval":{"confidence_level":0.95,"lower_bound":0.018050209495384238,"upper_bound":0.052250631336303095},"point_estimate":0.03645314680770138,"standard_error":0.008890370973261376}}