{"Mean":{"confidence_interval":{"confidence_level":0.95,"lower_bound":3.131331741405024,"upper_bound":3.160923050862658},"point_estimate":3.1449790478455815,"standard_error":0.0075956326679274795},"Median":{"confidence_interval":{"confidence_level":0.95,"lower_bound":3.113048825760104,"upper_bound":3.120851755937342},"point_estimate":3.116838887342788,"standard_error":0.0019143329833081581},"MedianAbsDev":{"confidence_interval":{"confidence_level":0.95,"lower_bound":0.010383477925597797,"upper_bound":0.02156982845390375},"point_estimate":0.015367311945434364,"standard_error":0.0027667761996901545},"Slope":{"confidence_interval":{"confidence_level":0.95,"lower_bound":3.1293258786282885,"upper_bound":3.1520818539688706},"point_estimate":3.1399843593900427,"standard_error":0.005822111095394036},"StdDev":{"confidence_interval":{"confidence_level":0.95,"lower_bound":0.047024546049480434,"upper_bound":0.10087347839859993},"point_estimate":0.07642683833540274,"standard_error":0.013734150781700696}}