{"Mean":{"confidence_interval":{"confidence_level":0.95,"lower_bound":4.742984477508652,"upper_bound":4.80248549912227},"point_estimate":4.772342575264863,"standard_error":0.015199320371658468},"Median":{"confidence_interval":{"confidence_level":0.95,"lower_bound":4.706407958891663,"upper_bound":4.81425200135884},"point_estimate":4.734260883827805,"standard_error":0.030092309026755425},"MedianAbsDev":{"confidence_interval":{"confidence_level":0.95,"lower_bound":0.129973333365505,"upper_bound":0.20768283719512845},"point_estimate":0.1598135687386151,"standard_error":0.01999449993203674},"Slope":{"confidence_interval":{"confidence_level":0.95,"lower_bound":4.7382380542877165,"upper_bound":4.805680074913581},"point_estimate":4.7711743868401,"standard_error":0.01720796446540579},"StdDev":{"confidence_interval":{"confidence_level":0.95,"lower_bound":0.13312232030044427,"upper_bound":0.1705042154780153},"point_estimate":0.15288836016015353,"standard_error":0.009499619879970441}}