{"Mean":{"confidence_interval":{"confidence_level":0.95,"lower_bound":-0.002381233244587512,"upper_bound":0.005039295268596418},"point_estimate":0.0013966027208025533,"standard_error":0.0019081097546380247},"Median":{"confidence_interval":{"confidence_level":0.95,"lower_bound":-0.0026113971428297633,"upper_bound":-0.00033360977381309857},"point_estimate":-0.001277941419415951,"standard_error":0.0005901807238267847}}