{"Mean":{"confidence_interval":{"confidence_level":0.95,"lower_bound":2.587732237197136,"upper_bound":2.6577481605701747},"point_estimate":2.6165812419753185,"standard_error":0.01826416678002771},"Median":{"confidence_interval":{"confidence_level":0.95,"lower_bound":2.5743273061629286,"upper_bound":2.5799499353847914},"point_estimate":2.575894953691804,"standard_error":0.0014575155580648252},"MedianAbsDev":{"confidence_interval":{"confidence_level":0.95,"lower_bound":0.0048993908971830865,"upper_bound":0.012370075756772151},"point_estimate":0.006924436668233684,"standard_error":0.0019224195643035285},"Slope":{"confidence_interval":{"confidence_level":0.95,"lower_bound":2.578401399051346,"upper_bound":2.5969299778797255},"point_estimate":2.5855413262419717,"standard_error":0.004860909310245509},"StdDev":{"confidence_interval":{"confidence_level":0.95,"lower_bound":0.04666070743789521,"upper_bound":0.29555802798901604},"point_estimate":0.18462654636311476,"standard_error":0.07027141648877597}}