{"Mean":{"confidence_interval":{"confidence_level":0.95,"lower_bound":5.990364799665992,"upper_bound":6.1345913285188205},"point_estimate":6.057591035455784,"standard_error":0.03683537324509507},"Median":{"confidence_interval":{"confidence_level":0.95,"lower_bound":5.928638315430234,"upper_bound":6.0731434880303965},"point_estimate":6.005535218188374,"standard_error":0.040808433370117116},"MedianAbsDev":{"confidence_interval":{"confidence_level":0.95,"lower_bound":0.20513876340958156,"upper_bound":0.35379832334051403},"point_estimate":0.2666185396212302,"standard_error":0.0373294406755632},"Slope":{"confidence_interval":{"confidence_level":0.95,"lower_bound":5.977620985139684,"upper_bound":6.0804711664438695},"point_estimate":6.02780506112825,"standard_error":0.026306310916064373},"StdDev":{"confidence_interval":{"confidence_level":0.95,"lower_bound":0.24710283947624975,"upper_bound":0.48117596965767273},"point_estimate":0.36975042859578267,"standard_error":0.060113454647222765}}