{"Mean":{"confidence_interval":{"confidence_level":0.95,"lower_bound":1.3304024454512409,"upper_bound":1.3309679716111649},"point_estimate":1.3306661841574692,"standard_error":0.000143690461345815},"Median":{"confidence_interval":{"confidence_level":0.95,"lower_bound":1.330501167205848,"upper_bound":1.3308061630236205},"point_estimate":1.330634664679823,"standard_error":0.00009087608007893995},"MedianAbsDev":{"confidence_interval":{"confidence_level":0.95,"lower_bound":0.000556579361845894,"upper_bound":0.0010548936325347124},"point_estimate":0.0007508102052428686,"standard_error":0.00012925165897869343},"Slope":{"confidence_interval":{"confidence_level":0.95,"lower_bound":1.3304004947993116,"upper_bound":1.3306725871361906},"point_estimate":1.3305364371234993,"standard_error":0.00006967532118997368},"StdDev":{"confidence_interval":{"confidence_level":0.95,"lower_bound":0.0008583458096766609,"upper_bound":0.00209383539425512},"point_estimate":0.0014470737824766075,"standard_error":0.00034562593155410546}}