{"Mean":{"confidence_interval":{"confidence_level":0.95,"lower_bound":3.3681770671940825,"upper_bound":3.4750708146740745},"point_estimate":3.413056917220664,"standard_error":0.027624941600969424},"Median":{"confidence_interval":{"confidence_level":0.95,"lower_bound":3.346832198237054,"upper_bound":3.3506857693199095},"point_estimate":3.348798594847775,"standard_error":0.0009264894542001651},"MedianAbsDev":{"confidence_interval":{"confidence_level":0.95,"lower_bound":0.004591864839750305,"upper_bound":0.010443084079959883},"point_estimate":0.007405464964992511,"standard_error":0.001582262798926207},"Slope":{"confidence_interval":{"confidence_level":0.95,"lower_bound":3.3555872094440105,"upper_bound":3.3909465168115336},"point_estimate":3.369783341374215,"standard_error":0.009125167845682146},"StdDev":{"confidence_interval":{"confidence_level":0.95,"lower_bound":0.04982467169646079,"upper_bound":0.44082534399597606},"point_estimate":0.2777467848826802,"standard_error":0.09926532067315101}}