{"Mean":{"confidence_interval":{"confidence_level":0.95,"lower_bound":2.2691631316356426,"upper_bound":2.2887573308269427},"point_estimate":2.277881098242585,"standard_error":0.005041776652932513},"Median":{"confidence_interval":{"confidence_level":0.95,"lower_bound":2.2832771146484783,"upper_bound":2.284889229769323},"point_estimate":2.2835819859361806,"standard_error":0.0004330894082290183},"MedianAbsDev":{"confidence_interval":{"confidence_level":0.95,"lower_bound":0.0069465312428084545,"upper_bound":0.014415885659776627},"point_estimate":0.011023226241342282,"standard_error":0.002044630666994605},"Slope":{"confidence_interval":{"confidence_level":0.95,"lower_bound":2.2835823624695735,"upper_bound":2.289456370092788},"point_estimate":2.2860298964255077,"standard_error":0.0015169490494447934},"StdDev":{"confidence_interval":{"confidence_level":0.95,"lower_bound":0.025027589355297954,"upper_bound":0.07644187248341998},"point_estimate":0.05066833295608547,"standard_error":0.014700066952686934}}