{"Mean":{"confidence_interval":{"confidence_level":0.95,"lower_bound":5.170634391687098,"upper_bound":5.1954157478705705},"point_estimate":5.18208052489419,"standard_error":0.0063528195689884935},"Median":{"confidence_interval":{"confidence_level":0.95,"lower_bound":5.154830338018229,"upper_bound":5.16680279372456},"point_estimate":5.162692662831356,"standard_error":0.00315309549409301},"MedianAbsDev":{"confidence_interval":{"confidence_level":0.95,"lower_bound":0.015673427039414645,"upper_bound":0.032067600823829305},"point_estimate":0.0259713283034765,"standard_error":0.004361432186499904},"Slope":{"confidence_interval":{"confidence_level":0.95,"lower_bound":5.165893001998249,"upper_bound":5.1813208133014115},"point_estimate":5.173110927611888,"standard_error":0.003950172068761914},"StdDev":{"confidence_interval":{"confidence_level":0.95,"lower_bound":0.03916645860973682,"upper_bound":0.08515628761831533},"point_estimate":0.06373981083029279,"standard_error":0.011766615242786396}}