{"Mean":{"confidence_interval":{"confidence_level":0.95,"lower_bound":-0.11632734062578369,"upper_bound":-0.10951586521269682},"point_estimate":-0.11251078361334743,"standard_error":0.001752535589802838},"Median":{"confidence_interval":{"confidence_level":0.95,"lower_bound":-0.11023525432488446,"upper_bound":-0.10932218599608305},"point_estimate":-0.1098076625556329,"standard_error":0.00024820527446144976}}