{"Mean":{"confidence_interval":{"confidence_level":0.95,"lower_bound":1.1076645207167621,"upper_bound":1.1133112498865356},"point_estimate":1.1098473900642083,"standard_error":0.0015299791234746254},"Median":{"confidence_interval":{"confidence_level":0.95,"lower_bound":1.1067154968311055,"upper_bound":1.1075572272620913},"point_estimate":1.1070252155180977,"standard_error":0.00023568805233490668},"MedianAbsDev":{"confidence_interval":{"confidence_level":0.95,"lower_bound":0.0013470532885610628,"upper_bound":0.002576260241784477},"point_estimate":0.0018135601862154154,"standard_error":0.00032061849642179565},"Slope":{"confidence_interval":{"confidence_level":0.95,"lower_bound":1.1073680944492408,"upper_bound":1.1218500323337874},"point_estimate":1.112697146680378,"standard_error":0.00403955769111187},"StdDev":{"confidence_interval":{"confidence_level":0.95,"lower_bound":0.0035126911218833702,"upper_bound":0.025641550366568656},"point_estimate":0.015450845975859736,"standard_error":0.00724446343167601}}