{"Mean":{"confidence_interval":{"confidence_level":0.95,"lower_bound":2.762900992817012,"upper_bound":2.7671025042082777},"point_estimate":2.764956173006068,"standard_error":0.0010698902119458387},"Median":{"confidence_interval":{"confidence_level":0.95,"lower_bound":2.7607396949410026,"upper_bound":2.766620290495149},"point_estimate":2.7635168039648734,"standard_error":0.0013702805264846202},"MedianAbsDev":{"confidence_interval":{"confidence_level":0.95,"lower_bound":0.008180616782954765,"upper_bound":0.013110968479800164},"point_estimate":0.010313662780952531,"standard_error":0.001285639754260806},"Slope":{"confidence_interval":{"confidence_level":0.95,"lower_bound":2.7579312219986236,"upper_bound":2.7617056998522638},"point_estimate":2.7596917656944964,"standard_error":0.0009633087124583003},"StdDev":{"confidence_interval":{"confidence_level":0.95,"lower_bound":0.0089802845425223,"upper_bound":0.012550126277305944},"point_estimate":0.0108466990916878,"standard_error":0.0009106777409139233}}