{"Mean":{"confidence_interval":{"confidence_level":0.95,"lower_bound":4.903813872352742,"upper_bound":4.960859741165184},"point_estimate":4.930780726702182,"standard_error":0.014573987485884059},"Median":{"confidence_interval":{"confidence_level":0.95,"lower_bound":4.881537029191286,"upper_bound":4.9363672889607475},"point_estimate":4.900235266275853,"standard_error":0.016758247039543293},"MedianAbsDev":{"confidence_interval":{"confidence_level":0.95,"lower_bound":0.08636813559009701,"upper_bound":0.13971755112765627},"point_estimate":0.10387199824657105,"standard_error":0.014762043097079494},"Slope":{"confidence_interval":{"confidence_level":0.95,"lower_bound":4.910666926794147,"upper_bound":4.977893985138506},"point_estimate":4.942316034020292,"standard_error":0.01718540445369734},"StdDev":{"confidence_interval":{"confidence_level":0.95,"lower_bound":0.10293984511131116,"upper_bound":0.19093595556086818},"point_estimate":0.14637206409668757,"standard_error":0.02307917672360489}}