{"Mean":{"confidence_interval":{"confidence_level":0.95,"lower_bound":3.012202232130076,"upper_bound":3.0449986489903114},"point_estimate":3.026210248344154,"standard_error":0.008489801881494717},"Median":{"confidence_interval":{"confidence_level":0.95,"lower_bound":3.011214030146783,"upper_bound":3.0224220324535667},"point_estimate":3.0157620586916387,"standard_error":0.0030184029077397726},"MedianAbsDev":{"confidence_interval":{"confidence_level":0.95,"lower_bound":0.01811235742881749,"upper_bound":0.031708849311239566},"point_estimate":0.024212969226471072,"standard_error":0.0033092460272910913},"Slope":{"confidence_interval":{"confidence_level":0.95,"lower_bound":3.0123202323650453,"upper_bound":3.0250310333593555},"point_estimate":3.018201839670097,"standard_error":0.0032275079576798396},"StdDev":{"confidence_interval":{"confidence_level":0.95,"lower_bound":0.03483542019236353,"upper_bound":0.13364395522099515},"point_estimate":0.08559959848419395,"standard_error":0.029409592460157123}}