{"Mean":{"confidence_interval":{"confidence_level":0.95,"lower_bound":0.03233638600917633,"upper_bound":0.06443703630250919},"point_estimate":0.044992873918157095,"standard_error":0.008093155005413114},"Median":{"confidence_interval":{"confidence_level":0.95,"lower_bound":0.029153776299376988,"upper_bound":0.032665305325491056},"point_estimate":0.03087401635708109,"standard_error":0.000894704158178128}}