{"Mean":{"confidence_interval":{"confidence_level":0.95,"lower_bound":2.579437049532123,"upper_bound":2.5901173412969474},"point_estimate":2.58415958885079,"standard_error":0.00274558097545957},"Median":{"confidence_interval":{"confidence_level":0.95,"lower_bound":2.5739615146044064,"upper_bound":2.577466485308676},"point_estimate":2.575347130900888,"standard_error":0.0010251735610760555},"MedianAbsDev":{"confidence_interval":{"confidence_level":0.95,"lower_bound":0.003882710993085336,"upper_bound":0.008502756537367666},"point_estimate":0.00614342244917386,"standard_error":0.001295451379969466},"Slope":{"confidence_interval":{"confidence_level":0.95,"lower_bound":2.578226169761734,"upper_bound":2.5907264834891155},"point_estimate":2.583441718582539,"standard_error":0.0032333106853730705},"StdDev":{"confidence_interval":{"confidence_level":0.95,"lower_bound":0.01174271804235872,"upper_bound":0.04017324752160281},"point_estimate":0.027567039728465286,"standard_error":0.007343843938059021}}