{"Mean":{"confidence_interval":{"confidence_level":0.95,"lower_bound":3.203632493116084,"upper_bound":3.2172361875712796},"point_estimate":3.209543223345565,"standard_error":0.003505258440219751},"Median":{"confidence_interval":{"confidence_level":0.95,"lower_bound":3.1993658993527125,"upper_bound":3.2040655091567016},"point_estimate":3.2004423698863294,"standard_error":0.0014051382834504925},"MedianAbsDev":{"confidence_interval":{"confidence_level":0.95,"lower_bound":0.004843772208578165,"upper_bound":0.01021446065457942},"point_estimate":0.006627048957412129,"standard_error":0.0015726475147724232},"Slope":{"confidence_interval":{"confidence_level":0.95,"lower_bound":3.1987841363954272,"upper_bound":3.201159948574114},"point_estimate":3.199857532234258,"standard_error":0.0006087687189740482},"StdDev":{"confidence_interval":{"confidence_level":0.95,"lower_bound":0.009996218805205417,"upper_bound":0.051098611151846406},"point_estimate":0.035289152186163596,"standard_error":0.0100121898322279}}