{"Mean":{"confidence_interval":{"confidence_level":0.95,"lower_bound":5.332227883655572,"upper_bound":5.418988300700196},"point_estimate":5.374319361220288,"standard_error":0.02222581879328589},"Median":{"confidence_interval":{"confidence_level":0.95,"lower_bound":5.24495092871814,"upper_bound":5.412475180478805},"point_estimate":5.329764350348993,"standard_error":0.04449102551938063},"MedianAbsDev":{"confidence_interval":{"confidence_level":0.95,"lower_bound":0.13291436516009256,"upper_bound":0.26976692020838794},"point_estimate":0.21802359589453915,"standard_error":0.035645905544326915},"Slope":{"confidence_interval":{"confidence_level":0.95,"lower_bound":5.358974780088921,"upper_bound":5.442700341943509},"point_estimate":5.400210808913695,"standard_error":0.021425754003025946},"StdDev":{"confidence_interval":{"confidence_level":0.95,"lower_bound":0.17724940141360893,"upper_bound":0.2653731690369552},"point_estimate":0.22318793542740645,"standard_error":0.02252796086817487}}