{"Mean":{"confidence_interval":{"confidence_level":0.95,"lower_bound":3.233461650416251,"upper_bound":3.2414988624807854},"point_estimate":3.237093029577232,"standard_error":0.0020690164274883485},"Median":{"confidence_interval":{"confidence_level":0.95,"lower_bound":3.229124198700369,"upper_bound":3.233421010030491},"point_estimate":3.2316478431289095,"standard_error":0.0012006327290094755},"MedianAbsDev":{"confidence_interval":{"confidence_level":0.95,"lower_bound":0.006555749340500816,"upper_bound":0.011768019687449203},"point_estimate":0.008978789389161098,"standard_error":0.0013015241696698611},"Slope":{"confidence_interval":{"confidence_level":0.95,"lower_bound":3.232794040422586,"upper_bound":3.238751489128392},"point_estimate":3.235535930056346,"standard_error":0.001517177625854949},"StdDev":{"confidence_interval":{"confidence_level":0.95,"lower_bound":0.01123457632965368,"upper_bound":0.030242145880300768},"point_estimate":0.02081101602955087,"standard_error":0.005214031418588245}}