{"Mean":{"confidence_interval":{"confidence_level":0.95,"lower_bound":3.4231595598401037,"upper_bound":3.4359146197067956},"point_estimate":3.4291308350963443,"standard_error":0.00325982231616527},"Median":{"confidence_interval":{"confidence_level":0.95,"lower_bound":3.41408210064447,"upper_bound":3.4218780807560196},"point_estimate":3.4177783850410304,"standard_error":0.002166635812144281},"MedianAbsDev":{"confidence_interval":{"confidence_level":0.95,"lower_bound":0.007729731206694247,"upper_bound":0.016420498563006314},"point_estimate":0.011919473085348986,"standard_error":0.0025053243147816163},"Slope":{"confidence_interval":{"confidence_level":0.95,"lower_bound":3.420534538151444,"upper_bound":3.427286459902988},"point_estimate":3.423792536770927,"standard_error":0.0017174786023764182},"StdDev":{"confidence_interval":{"confidence_level":0.95,"lower_bound":0.020736444348973784,"upper_bound":0.042908736023672366},"point_estimate":0.03278057957764972,"standard_error":0.005654730669078558}}