{"Mean":{"confidence_interval":{"confidence_level":0.95,"lower_bound":0.06685129934659287,"upper_bound":0.0814647511867755},"point_estimate":0.07378970952284258,"standard_error":0.003843601905738791},"Median":{"confidence_interval":{"confidence_level":0.95,"lower_bound":0.06645601899727471,"upper_bound":0.07909303179971272},"point_estimate":0.0737025748083584,"standard_error":0.003053236271128233}}