{"Mean":{"confidence_interval":{"confidence_level":0.95,"lower_bound":4.904433056330418,"upper_bound":4.917679026079114},"point_estimate":4.910492492869018,"standard_error":0.0033931741008246144},"Median":{"confidence_interval":{"confidence_level":0.95,"lower_bound":4.8960787582306144,"upper_bound":4.902626463551753},"point_estimate":4.898729595928198,"standard_error":0.0016901210747157732},"MedianAbsDev":{"confidence_interval":{"confidence_level":0.95,"lower_bound":0.011238163175967866,"upper_bound":0.020659737929880455},"point_estimate":0.015472047565503457,"standard_error":0.0022720320222797425},"Slope":{"confidence_interval":{"confidence_level":0.95,"lower_bound":4.90223397811589,"upper_bound":4.9121380744805},"point_estimate":4.906971181450777,"standard_error":0.0025322567444209174},"StdDev":{"confidence_interval":{"confidence_level":0.95,"lower_bound":0.020203778618730458,"upper_bound":0.048196672621221494},"point_estimate":0.03407197933720929,"standard_error":0.00756374686537235}}