{"Mean":{"confidence_interval":{"confidence_level":0.95,"lower_bound":1.3911970301407126,"upper_bound":1.4037933607459296},"point_estimate":1.3969004062272823,"standard_error":0.0032242119080908124},"Median":{"confidence_interval":{"confidence_level":0.95,"lower_bound":1.3826517928331357,"upper_bound":1.389172157891866},"point_estimate":1.3863742441544316,"standard_error":0.0018276311402135245},"MedianAbsDev":{"confidence_interval":{"confidence_level":0.95,"lower_bound":0.005781323370861934,"upper_bound":0.013469956940011615},"point_estimate":0.009495740138784587,"standard_error":0.0019858428188246806},"Slope":{"confidence_interval":{"confidence_level":0.95,"lower_bound":1.393894760851712,"upper_bound":1.407525380715604},"point_estimate":1.399921200006648,"standard_error":0.0035034752574985275},"StdDev":{"confidence_interval":{"confidence_level":0.95,"lower_bound":0.019327371348803905,"upper_bound":0.0453789346442028},"point_estimate":0.03225734587181293,"standard_error":0.007084508793064648}}