{"Mean":{"confidence_interval":{"confidence_level":0.95,"lower_bound":4.468245347427074,"upper_bound":4.483970290823791},"point_estimate":4.475505465059844,"standard_error":0.0040261178887699735},"Median":{"confidence_interval":{"confidence_level":0.95,"lower_bound":4.460329580704419,"upper_bound":4.467463917428121},"point_estimate":4.463663506461261,"standard_error":0.0019072090262111261},"MedianAbsDev":{"confidence_interval":{"confidence_level":0.95,"lower_bound":0.007692369096855908,"upper_bound":0.017538283275792536},"point_estimate":0.013431276286190296,"standard_error":0.002599838412633612},"Slope":{"confidence_interval":{"confidence_level":0.95,"lower_bound":4.467422402594242,"upper_bound":4.483384700017864},"point_estimate":4.474667270272943,"standard_error":0.00408916936269387},"StdDev":{"confidence_interval":{"confidence_level":0.95,"lower_bound":0.02447107944221244,"upper_bound":0.054577923631514605},"point_estimate":0.04043748895543416,"standard_error":0.0077566367685657145}}