{"Mean":{"confidence_interval":{"confidence_level":0.95,"lower_bound":4.549544960369802,"upper_bound":4.593810235554368},"point_estimate":4.571224527345509,"standard_error":0.011296983775059239},"Median":{"confidence_interval":{"confidence_level":0.95,"lower_bound":4.5356290585263235,"upper_bound":4.589917599220183},"point_estimate":4.5604039250035004,"standard_error":0.011773187401060224},"MedianAbsDev":{"confidence_interval":{"confidence_level":0.95,"lower_bound":0.08014944317526808,"upper_bound":0.13509920081163038},"point_estimate":0.10474467241060621,"standard_error":0.013745884163860776},"Slope":{"confidence_interval":{"confidence_level":0.95,"lower_bound":4.563284232126977,"upper_bound":4.59845216841755},"point_estimate":4.580458523963102,"standard_error":0.00898031698493503},"StdDev":{"confidence_interval":{"confidence_level":0.95,"lower_bound":0.09326767865729847,"upper_bound":0.13316497574662703},"point_estimate":0.11347336602134953,"standard_error":0.010231925451577762}}