{"Mean":{"confidence_interval":{"confidence_level":0.95,"lower_bound":2.740380669971125,"upper_bound":2.788395068674924},"point_estimate":2.763236772734534,"standard_error":0.012277396701789794},"Median":{"confidence_interval":{"confidence_level":0.95,"lower_bound":2.6922538183936884,"upper_bound":2.707012170108027},"point_estimate":2.696984975482506,"standard_error":0.004530041384599515},"MedianAbsDev":{"confidence_interval":{"confidence_level":0.95,"lower_bound":0.012334806318986749,"upper_bound":0.034971971371419136},"point_estimate":0.019397938506277242,"standard_error":0.006693471047054651},"Slope":{"confidence_interval":{"confidence_level":0.95,"lower_bound":2.7160855456796775,"upper_bound":2.751758973326115},"point_estimate":2.732065419058648,"standard_error":0.009134564112458995},"StdDev":{"confidence_interval":{"confidence_level":0.95,"lower_bound":0.09338939274685332,"upper_bound":0.14946221499675025},"point_estimate":0.12369209451927882,"standard_error":0.01430121259495058}}