{"Mean":{"confidence_interval":{"confidence_level":0.95,"lower_bound":2.059120805584011,"upper_bound":2.0605934637858874},"point_estimate":2.059849449772689,"standard_error":0.0003767937825875458},"Median":{"confidence_interval":{"confidence_level":0.95,"lower_bound":2.058558426337116,"upper_bound":2.0600229812862714},"point_estimate":2.0590690484529377,"standard_error":0.00034470457516456304},"MedianAbsDev":{"confidence_interval":{"confidence_level":0.95,"lower_bound":0.0019674758304171515,"upper_bound":0.0037115444784649957},"point_estimate":0.002550072266308819,"standard_error":0.00045900462960154174},"Slope":{"confidence_interval":{"confidence_level":0.95,"lower_bound":2.0591942339223928,"upper_bound":2.06047126371445},"point_estimate":2.059809218875875,"standard_error":0.0003259106807486312},"StdDev":{"confidence_interval":{"confidence_level":0.95,"lower_bound":0.0031214988537321053,"upper_bound":0.004390858101594899},"point_estimate":0.003788860273791379,"standard_error":0.000323226343023006}}