{"Mean":{"confidence_interval":{"confidence_level":0.95,"lower_bound":3.0829307843721776,"upper_bound":3.0869784268798623},"point_estimate":3.0847673092904957,"standard_error":0.0010368892853860453},"Median":{"confidence_interval":{"confidence_level":0.95,"lower_bound":3.0813869726296765,"upper_bound":3.0853005219073095},"point_estimate":3.083474342896462,"standard_error":0.0008695570988305827},"MedianAbsDev":{"confidence_interval":{"confidence_level":0.95,"lower_bound":0.005092063687267149,"upper_bound":0.007512035550952006},"point_estimate":0.006051845905029862,"standard_error":0.0006356061601781312},"Slope":{"confidence_interval":{"confidence_level":0.95,"lower_bound":3.0821828348893505,"upper_bound":3.0861954782111223},"point_estimate":3.0840596720696087,"standard_error":0.0010296136378391176},"StdDev":{"confidence_interval":{"confidence_level":0.95,"lower_bound":0.006095709740174429,"upper_bound":0.014957928875792942},"point_estimate":0.010409985211924395,"standard_error":0.002505911957118128}}