{"Mean":{"confidence_interval":{"confidence_level":0.95,"lower_bound":2.5986097516907103,"upper_bound":2.602437809372346},"point_estimate":2.6005066562441157,"standard_error":0.000978158457076967},"Median":{"confidence_interval":{"confidence_level":0.95,"lower_bound":2.5983008765304416,"upper_bound":2.6025341071942236},"point_estimate":2.6003010937562845,"standard_error":0.0011299385771815025},"MedianAbsDev":{"confidence_interval":{"confidence_level":0.95,"lower_bound":0.007914048225898453,"upper_bound":0.013683619542858346},"point_estimate":0.011703855388800786,"standard_error":0.0015314649311472426},"Slope":{"confidence_interval":{"confidence_level":0.95,"lower_bound":2.592758339804071,"upper_bound":2.5968061673270024},"point_estimate":2.5946669396978748,"standard_error":0.001036985413960911},"StdDev":{"confidence_interval":{"confidence_level":0.95,"lower_bound":0.008478332455317773,"upper_bound":0.011082403382552411},"point_estimate":0.009818100474011365,"standard_error":0.0006655876363705629}}