{"Mean":{"confidence_interval":{"confidence_level":0.95,"lower_bound":5.1042370175996155,"upper_bound":5.115416112248709},"point_estimate":5.109508005489731,"standard_error":0.0028552512922883667},"Median":{"confidence_interval":{"confidence_level":0.95,"lower_bound":5.097423568972098,"upper_bound":5.1061218721866},"point_estimate":5.102099664172524,"standard_error":0.0023322649880248504},"MedianAbsDev":{"confidence_interval":{"confidence_level":0.95,"lower_bound":0.012371082286044091,"upper_bound":0.022619808609954467},"point_estimate":0.016946701645792695,"standard_error":0.002687660600084671},"Slope":{"confidence_interval":{"confidence_level":0.95,"lower_bound":5.101862030143207,"upper_bound":5.112668965621508},"point_estimate":5.106901764939526,"standard_error":0.0027505156189931174},"StdDev":{"confidence_interval":{"confidence_level":0.95,"lower_bound":0.019978714530752378,"upper_bound":0.03826028733195688},"point_estimate":0.028758580971698908,"standard_error":0.0049638324067975675}}