{"Mean":{"confidence_interval":{"confidence_level":0.95,"lower_bound":5.747046391955806,"upper_bound":5.761524526714986},"point_estimate":5.753906367281497,"standard_error":0.003696780826116544},"Median":{"confidence_interval":{"confidence_level":0.95,"lower_bound":5.741197375055277,"upper_bound":5.751331462386914},"point_estimate":5.743681214626043,"standard_error":0.002327270155719872},"MedianAbsDev":{"confidence_interval":{"confidence_level":0.95,"lower_bound":0.019951625373228525,"upper_bound":0.032744452621286606},"point_estimate":0.027814491190024698,"standard_error":0.003379089405022548},"Slope":{"confidence_interval":{"confidence_level":0.95,"lower_bound":5.746227437470692,"upper_bound":5.760761217853872},"point_estimate":5.753297872556215,"standard_error":0.003722798822341881},"StdDev":{"confidence_interval":{"confidence_level":0.95,"lower_bound":0.02630150565685833,"upper_bound":0.04742081625585483},"point_estimate":0.03719865223160913,"standard_error":0.005449113487133352}}