{"Mean":{"confidence_interval":{"confidence_level":0.95,"lower_bound":-0.08582970900280339,"upper_bound":-0.068666965756704},"point_estimate":-0.07791742034918558,"standard_error":0.004413765527687814},"Median":{"confidence_interval":{"confidence_level":0.95,"lower_bound":-0.0976902093821358,"upper_bound":-0.08518383850264265},"point_estimate":-0.09279702128260459,"standard_error":0.003108843611472686}}