{"Mean":{"confidence_interval":{"confidence_level":0.95,"lower_bound":1.2076403718920998,"upper_bound":1.2375761075719083},"point_estimate":1.222613175807164,"standard_error":0.007645720562303615},"Median":{"confidence_interval":{"confidence_level":0.95,"lower_bound":1.1448168487031691,"upper_bound":1.2916953804502151},"point_estimate":1.2875076201688267,"standard_error":0.06391036028616952},"MedianAbsDev":{"confidence_interval":{"confidence_level":0.95,"lower_bound":0.004982830983031748,"upper_bound":0.11095163413473152},"point_estimate":0.04415028988962836,"standard_error":0.028574108906939018},"Slope":{"confidence_interval":{"confidence_level":0.95,"lower_bound":1.1576382931248341,"upper_bound":1.1748935351076462},"point_estimate":1.165116273451727,"standard_error":0.0044364052184597364},"StdDev":{"confidence_interval":{"confidence_level":0.95,"lower_bound":0.07406203169736204,"upper_bound":0.07780082630338685},"point_estimate":0.0764990368641807,"standard_error":0.0009317876873728563}}