{"Mean":{"confidence_interval":{"confidence_level":0.95,"lower_bound":0.09045638986222838,"upper_bound":0.09986227806460043},"point_estimate":0.09538893228340051,"standard_error":0.0023564754000999764},"Median":{"confidence_interval":{"confidence_level":0.95,"lower_bound":0.0936125293416431,"upper_bound":0.10180882485125298},"point_estimate":0.09905357468558695,"standard_error":0.002047772888998413}}