{"Mean":{"confidence_interval":{"confidence_level":0.95,"lower_bound":4.407352735818713,"upper_bound":4.4172912502806},"point_estimate":4.412005868650036,"standard_error":0.0025446808751608684},"Median":{"confidence_interval":{"confidence_level":0.95,"lower_bound":4.39959190856977,"upper_bound":4.407444037646215},"point_estimate":4.402088228118549,"standard_error":0.0022847722091122245},"MedianAbsDev":{"confidence_interval":{"confidence_level":0.95,"lower_bound":0.007671369195893478,"upper_bound":0.0170365907893166},"point_estimate":0.01059223433389682,"standard_error":0.0024074673670847722},"Slope":{"confidence_interval":{"confidence_level":0.95,"lower_bound":4.403956566765343,"upper_bound":4.4118640031414005},"point_estimate":4.4075768386970635,"standard_error":0.0020249155122824512},"StdDev":{"confidence_interval":{"confidence_level":0.95,"lower_bound":0.01762191739755374,"upper_bound":0.03253953183283283},"point_estimate":0.0254616565565299,"standard_error":0.0038223191982669795}}