{"Mean":{"confidence_interval":{"confidence_level":0.95,"lower_bound":1.8055075089269041,"upper_bound":1.8136370719450843},"point_estimate":1.8091583871375099,"standard_error":0.002094824447777894},"Median":{"confidence_interval":{"confidence_level":0.95,"lower_bound":1.8017804008641893,"upper_bound":1.803695741565717},"point_estimate":1.8024149345113327,"standard_error":0.0005065953343432041},"MedianAbsDev":{"confidence_interval":{"confidence_level":0.95,"lower_bound":0.0022075507260544635,"upper_bound":0.004538348491288328},"point_estimate":0.0031132836446812464,"standard_error":0.0006147635641453472},"Slope":{"confidence_interval":{"confidence_level":0.95,"lower_bound":1.8053992676238981,"upper_bound":1.8211786685479192},"point_estimate":1.8123245047057324,"standard_error":0.0040726280603651105},"StdDev":{"confidence_interval":{"confidence_level":0.95,"lower_bound":0.010345141983116932,"upper_bound":0.02923212874602064},"point_estimate":0.021052622654128574,"standard_error":0.004772405174305711}}