{"Mean":{"confidence_interval":{"confidence_level":0.95,"lower_bound":3.1666063789336345,"upper_bound":3.208444165763578},"point_estimate":3.186929197928074,"standard_error":0.010633993377025969},"Median":{"confidence_interval":{"confidence_level":0.95,"lower_bound":3.1403946273814314,"upper_bound":3.1876396855618756},"point_estimate":3.168114994295304,"standard_error":0.011707831256407808},"MedianAbsDev":{"confidence_interval":{"confidence_level":0.95,"lower_bound":0.07085283514772077,"upper_bound":0.12050705942889883},"point_estimate":0.10165160867311282,"standard_error":0.013001030297098896},"Slope":{"confidence_interval":{"confidence_level":0.95,"lower_bound":3.1745128192641814,"upper_bound":3.215090475354708},"point_estimate":3.195420713999274,"standard_error":0.010344670140713063},"StdDev":{"confidence_interval":{"confidence_level":0.95,"lower_bound":0.08506173205161857,"upper_bound":0.1311086659745506},"point_estimate":0.10702338926490212,"standard_error":0.012037919871203527}}