{"Mean":{"confidence_interval":{"confidence_level":0.95,"lower_bound":0.07810917202677287,"upper_bound":0.1219790265563302},"point_estimate":0.09819328514521253,"standard_error":0.01132222533555778},"Median":{"confidence_interval":{"confidence_level":0.95,"lower_bound":0.03807360397375503,"upper_bound":0.06769467242987529},"point_estimate":0.048025982432224223,"standard_error":0.00860317383020241}}