{"Mean":{"confidence_interval":{"confidence_level":0.95,"lower_bound":4.191670439504671,"upper_bound":4.253851407632201},"point_estimate":4.222077495243768,"standard_error":0.015851381371716246},"Median":{"confidence_interval":{"confidence_level":0.95,"lower_bound":4.172299073781296,"upper_bound":4.267708498756021},"point_estimate":4.216378040622889,"standard_error":0.024605616959836766},"MedianAbsDev":{"confidence_interval":{"confidence_level":0.95,"lower_bound":0.12804648248303135,"upper_bound":0.19914906020727036},"point_estimate":0.17932431728911347,"standard_error":0.017835298040693844},"Slope":{"confidence_interval":{"confidence_level":0.95,"lower_bound":4.188888409003601,"upper_bound":4.250555093561299},"point_estimate":4.219935736285154,"standard_error":0.015789438092984352},"StdDev":{"confidence_interval":{"confidence_level":0.95,"lower_bound":0.1300463406960239,"upper_bound":0.1884597604059099},"point_estimate":0.15926398437940084,"standard_error":0.015000623834039106}}