{"Mean":{"confidence_interval":{"confidence_level":0.95,"lower_bound":2.2690636629878784,"upper_bound":2.2924945474755316},"point_estimate":2.280525273946641,"standard_error":0.005976404237332005},"Median":{"confidence_interval":{"confidence_level":0.95,"lower_bound":2.24706525856573,"upper_bound":2.2634382680294567},"point_estimate":2.2496406793015735,"standard_error":0.004923409027733183},"MedianAbsDev":{"confidence_interval":{"confidence_level":0.95,"lower_bound":0.021203691256287256,"upper_bound":0.0596940408330591},"point_estimate":0.03514720894151143,"standard_error":0.009682307058957375},"Slope":{"confidence_interval":{"confidence_level":0.95,"lower_bound":2.24147792590266,"upper_bound":2.252595740003176},"point_estimate":2.2465603994751,"standard_error":0.0028274783753787706},"StdDev":{"confidence_interval":{"confidence_level":0.95,"lower_bound":0.049935114209759476,"upper_bound":0.07001410084694945},"point_estimate":0.05997279143902402,"standard_error":0.005161343382067971}}