{"Mean":{"confidence_interval":{"confidence_level":0.95,"lower_bound":2.062316957847338,"upper_bound":2.064884686951706},"point_estimate":2.063573555914829,"standard_error":0.000656026056687722},"Median":{"confidence_interval":{"confidence_level":0.95,"lower_bound":2.060376297168223,"upper_bound":2.063028602975964},"point_estimate":2.0612956606746193,"standard_error":0.0006742329823931076},"MedianAbsDev":{"confidence_interval":{"confidence_level":0.95,"lower_bound":0.0037017996146613647,"upper_bound":0.007517333697384773},"point_estimate":0.005136410907088086,"standard_error":0.0009887967977960665},"Slope":{"confidence_interval":{"confidence_level":0.95,"lower_bound":2.0590207703869865,"upper_bound":2.0606176412048383},"point_estimate":2.0597651190966184,"standard_error":0.00040765337198809496},"StdDev":{"confidence_interval":{"confidence_level":0.95,"lower_bound":0.005711420099354508,"upper_bound":0.007229514487493903},"point_estimate":0.00655946393717353,"standard_error":0.000387306057318377}}