{"Mean":{"confidence_interval":{"confidence_level":0.95,"lower_bound":4.13215581294368,"upper_bound":4.206834129907854},"point_estimate":4.16041041773198,"standard_error":0.020262656401206555},"Median":{"confidence_interval":{"confidence_level":0.95,"lower_bound":4.120197878294016,"upper_bound":4.124201249777421},"point_estimate":4.122141401621382,"standard_error":0.0009748972801201083},"MedianAbsDev":{"confidence_interval":{"confidence_level":0.95,"lower_bound":0.006815227446238014,"upper_bound":0.01315683906276973},"point_estimate":0.009805218245909172,"standard_error":0.001622405587511636},"Slope":{"confidence_interval":{"confidence_level":0.95,"lower_bound":4.137472950238852,"upper_bound":4.197455814417654},"point_estimate":4.161704857371321,"standard_error":0.015910320463711276},"StdDev":{"confidence_interval":{"confidence_level":0.95,"lower_bound":0.03171993200656068,"upper_bound":0.34071832946522657},"point_estimate":0.20384952583887284,"standard_error":0.09834447636029651}}