{"Mean":{"confidence_interval":{"confidence_level":0.95,"lower_bound":-0.023159057243788052,"upper_bound":-0.01279321435564333},"point_estimate":-0.017416717417600314,"standard_error":0.0026664142848546743},"Median":{"confidence_interval":{"confidence_level":0.95,"lower_bound":-0.01809153475394798,"upper_bound":-0.00953549250230547},"point_estimate":-0.013640839107070923,"standard_error":0.002681356737621797}}