{"Mean":{"confidence_interval":{"confidence_level":0.95,"lower_bound":2.228412303106023,"upper_bound":2.2390673131465757},"point_estimate":2.2337025252611182,"standard_error":0.0027181496561471006},"Median":{"confidence_interval":{"confidence_level":0.95,"lower_bound":2.2261638734230265,"upper_bound":2.2383810216943387},"point_estimate":2.2328627104602807,"standard_error":0.0025663803375214926},"MedianAbsDev":{"confidence_interval":{"confidence_level":0.95,"lower_bound":0.016102518577123377,"upper_bound":0.023806396665896463},"point_estimate":0.020148950266451644,"standard_error":0.0019373378869695695},"Slope":{"confidence_interval":{"confidence_level":0.95,"lower_bound":2.229749018144255,"upper_bound":2.2377852800525666},"point_estimate":2.2335032156736236,"standard_error":0.002048033851971508},"StdDev":{"confidence_interval":{"confidence_level":0.95,"lower_bound":0.02161897112508017,"upper_bound":0.03248607601447957},"point_estimate":0.027313694525434428,"standard_error":0.002769496628219003}}