{"Mean":{"confidence_interval":{"confidence_level":0.95,"lower_bound":2.2247956747644655,"upper_bound":2.2361863693380415},"point_estimate":2.230414337523,"standard_error":0.002896986132791377},"Median":{"confidence_interval":{"confidence_level":0.95,"lower_bound":2.2250116562278404,"upper_bound":2.2359231532704933},"point_estimate":2.2312265455843994,"standard_error":0.002853637623102443},"MedianAbsDev":{"confidence_interval":{"confidence_level":0.95,"lower_bound":0.01819444107627474,"upper_bound":0.0333386880648362},"point_estimate":0.02707513410615844,"standard_error":0.00391610779084111},"Slope":{"confidence_interval":{"confidence_level":0.95,"lower_bound":2.2295250884523656,"upper_bound":2.2435194203626097},"point_estimate":2.236314368626509,"standard_error":0.003564406485592096},"StdDev":{"confidence_interval":{"confidence_level":0.95,"lower_bound":0.02358679265226007,"upper_bound":0.034669011842798345},"point_estimate":0.029042384377458784,"standard_error":0.0028538352888725594}}