{"Mean":{"confidence_interval":{"confidence_level":0.95,"lower_bound":1.9349925377787283,"upper_bound":1.9432221459484147},"point_estimate":1.9387048080983291,"standard_error":0.002113364263061473},"Median":{"confidence_interval":{"confidence_level":0.95,"lower_bound":1.9298354046524235,"upper_bound":1.9320180417066657},"point_estimate":1.9305800421891068,"standard_error":0.0005568750311675619},"MedianAbsDev":{"confidence_interval":{"confidence_level":0.95,"lower_bound":0.002369901125374351,"upper_bound":0.005443884607623206},"point_estimate":0.003507912920738956,"standard_error":0.0007477700029200205},"Slope":{"confidence_interval":{"confidence_level":0.95,"lower_bound":1.9338431021893028,"upper_bound":1.9447747646523075},"point_estimate":1.93843411589079,"standard_error":0.002839071830762217},"StdDev":{"confidence_interval":{"confidence_level":0.95,"lower_bound":0.011471173743682332,"upper_bound":0.03021292821679755},"point_estimate":0.02114411263798134,"standard_error":0.004932933581387594}}