{"Mean":{"confidence_interval":{"confidence_level":0.95,"lower_bound":5.8801697763114715,"upper_bound":5.941405205142568},"point_estimate":5.909518827074924,"standard_error":0.01564553974794965},"Median":{"confidence_interval":{"confidence_level":0.95,"lower_bound":5.840938979692315,"upper_bound":5.902061840065109},"point_estimate":5.873960002437564,"standard_error":0.015058608881032807},"MedianAbsDev":{"confidence_interval":{"confidence_level":0.95,"lower_bound":0.09940509240366148,"upper_bound":0.17497290812990593},"point_estimate":0.14537354292325352,"standard_error":0.018981481562428966},"Slope":{"confidence_interval":{"confidence_level":0.95,"lower_bound":5.888937282910215,"upper_bound":5.966528282936433},"point_estimate":5.927216712919411,"standard_error":0.01978949542286199},"StdDev":{"confidence_interval":{"confidence_level":0.95,"lower_bound":0.11952715295797754,"upper_bound":0.19521005891417872},"point_estimate":0.15757808348301722,"standard_error":0.019539791738881956}}