{"Mean":{"confidence_interval":{"confidence_level":0.95,"lower_bound":4.0691033712834255,"upper_bound":4.08900147761443},"point_estimate":4.078968335644061,"standard_error":0.0050565028832158625},"Median":{"confidence_interval":{"confidence_level":0.95,"lower_bound":4.0588985969282545,"upper_bound":4.09568564061744},"point_estimate":4.077894687970778,"standard_error":0.010076973327839953},"MedianAbsDev":{"confidence_interval":{"confidence_level":0.95,"lower_bound":0.04306618933794657,"upper_bound":0.06395065873371139},"point_estimate":0.05474823177330462,"standard_error":0.0053137808192426856},"Slope":{"confidence_interval":{"confidence_level":0.95,"lower_bound":4.051265007986699,"upper_bound":4.069512189533108},"point_estimate":4.060240974188879,"standard_error":0.004668719747161642},"StdDev":{"confidence_interval":{"confidence_level":0.95,"lower_bound":0.04344901711186902,"upper_bound":0.058180148127850925},"point_estimate":0.050996593866597946,"standard_error":0.0037841910141513807}}