{"Mean":{"confidence_interval":{"confidence_level":0.95,"lower_bound":5.726072759296701,"upper_bound":5.767540716200767},"point_estimate":5.744542920196401,"standard_error":0.010667682711595518},"Median":{"confidence_interval":{"confidence_level":0.95,"lower_bound":5.7132736556415935,"upper_bound":5.739233352172612},"point_estimate":5.72611713465931,"standard_error":0.006283965596680478},"MedianAbsDev":{"confidence_interval":{"confidence_level":0.95,"lower_bound":0.041064363621320696,"upper_bound":0.0694511731246381},"point_estimate":0.05460527171477542,"standard_error":0.007062531579007484},"Slope":{"confidence_interval":{"confidence_level":0.95,"lower_bound":5.728635026060443,"upper_bound":5.789998412996009},"point_estimate":5.7540605977949015,"standard_error":0.015852579229299443},"StdDev":{"confidence_interval":{"confidence_level":0.95,"lower_bound":0.05704513032601205,"upper_bound":0.1591218535291978},"point_estimate":0.10780829471795127,"standard_error":0.02888463352527715}}