{"Mean":{"confidence_interval":{"confidence_level":0.95,"lower_bound":2.169440679364049,"upper_bound":2.1791464834984002},"point_estimate":2.17427498471807,"standard_error":0.002478812713923466},"Median":{"confidence_interval":{"confidence_level":0.95,"lower_bound":2.169302234407349,"upper_bound":2.179725804157951},"point_estimate":2.175566643441546,"standard_error":0.0027811952389723616},"MedianAbsDev":{"confidence_interval":{"confidence_level":0.95,"lower_bound":0.016073755389962887,"upper_bound":0.02536509797443064},"point_estimate":0.021595503355703215,"standard_error":0.002401873833341966},"Slope":{"confidence_interval":{"confidence_level":0.95,"lower_bound":2.168180387733905,"upper_bound":2.175517885835129},"point_estimate":2.171779186345794,"standard_error":0.0018740265411382304},"StdDev":{"confidence_interval":{"confidence_level":0.95,"lower_bound":0.020209663930535453,"upper_bound":0.029177114763026927},"point_estimate":0.02490208722513663,"standard_error":0.0022886979681656164}}