{"Mean":{"confidence_interval":{"confidence_level":0.95,"lower_bound":2.68650718507033,"upper_bound":2.688107690663817},"point_estimate":2.6873002425386945,"standard_error":0.00040899612857280655},"Median":{"confidence_interval":{"confidence_level":0.95,"lower_bound":2.685798479847558,"upper_bound":2.6879436115540756},"point_estimate":2.686701771962035,"standard_error":0.0005271235188470709},"MedianAbsDev":{"confidence_interval":{"confidence_level":0.95,"lower_bound":0.002976300413488549,"upper_bound":0.004675282843927082},"point_estimate":0.003612366850762404,"standard_error":0.00043197956371832243},"Slope":{"confidence_interval":{"confidence_level":0.95,"lower_bound":2.687395900240836,"upper_bound":2.6887315325809436},"point_estimate":2.6880605013516115,"standard_error":0.00034269913882475347},"StdDev":{"confidence_interval":{"confidence_level":0.95,"lower_bound":0.0034890460669409493,"upper_bound":0.004647661469887652},"point_estimate":0.004097681859503552,"standard_error":0.0002965049097463829}}