{"Mean":{"confidence_interval":{"confidence_level":0.95,"lower_bound":1.7860369499815698,"upper_bound":1.7882281517282386},"point_estimate":1.787119137906744,"standard_error":0.0005582563840463471},"Median":{"confidence_interval":{"confidence_level":0.95,"lower_bound":1.7849733144679067,"upper_bound":1.7879123550522045},"point_estimate":1.785671599602394,"standard_error":0.0007855832155230573},"MedianAbsDev":{"confidence_interval":{"confidence_level":0.95,"lower_bound":0.0038837219317128724,"upper_bound":0.0069811154775044},"point_estimate":0.0061856402195640215,"standard_error":0.0008492514465531323},"Slope":{"confidence_interval":{"confidence_level":0.95,"lower_bound":1.7856918606984642,"upper_bound":1.787808715540363},"point_estimate":1.786701698395218,"standard_error":0.0005414014443851103},"StdDev":{"confidence_interval":{"confidence_level":0.95,"lower_bound":0.004653843692432689,"upper_bound":0.006553542104959849},"point_estimate":0.00560142580048624,"standard_error":0.0004883824482099688}}