{"Mean":{"confidence_interval":{"confidence_level":0.95,"lower_bound":0.042900740594278466,"upper_bound":0.050654479863304014},"point_estimate":0.04687375496794988,"standard_error":0.001980105780935743},"Median":{"confidence_interval":{"confidence_level":0.95,"lower_bound":0.044579004257954136,"upper_bound":0.04920490895045404},"point_estimate":0.04696238905208894,"standard_error":0.0013755756444219906}}