{"Mean":{"confidence_interval":{"confidence_level":0.95,"lower_bound":1.3399963535867079,"upper_bound":1.3409833643448326},"point_estimate":1.3404871555559663,"standard_error":0.0002509318950854125},"Median":{"confidence_interval":{"confidence_level":0.95,"lower_bound":1.3396657753163146,"upper_bound":1.3411512838983963},"point_estimate":1.3401630268649414,"standard_error":0.00043075845631201996},"MedianAbsDev":{"confidence_interval":{"confidence_level":0.95,"lower_bound":0.0020351763410236777,"upper_bound":0.003070004241311138},"point_estimate":0.0026082116531572297,"standard_error":0.00025851279219812185},"Slope":{"confidence_interval":{"confidence_level":0.95,"lower_bound":1.3397301833997264,"upper_bound":1.3404947796169655},"point_estimate":1.3401074984964843,"standard_error":0.00019498783553245592},"StdDev":{"confidence_interval":{"confidence_level":0.95,"lower_bound":0.0020959795842264567,"upper_bound":0.0029569125406243403},"point_estimate":0.0025308074923345598,"standard_error":0.0002204977692456052}}