{"Mean":{"confidence_interval":{"confidence_level":0.95,"lower_bound":4.0952014939026995,"upper_bound":4.115012892333037},"point_estimate":4.1049823496921345,"standard_error":0.005049902099497201},"Median":{"confidence_interval":{"confidence_level":0.95,"lower_bound":4.096054702438737,"upper_bound":4.116295981665473},"point_estimate":4.1135111571683876,"standard_error":0.00453933863222877},"MedianAbsDev":{"confidence_interval":{"confidence_level":0.95,"lower_bound":0.02689893490845017,"upper_bound":0.049854905184280644},"point_estimate":0.04126072626457784,"standard_error":0.005999855903607281},"Slope":{"confidence_interval":{"confidence_level":0.95,"lower_bound":4.080186552046128,"upper_bound":4.098987101815073},"point_estimate":4.089329951608162,"standard_error":0.0047770215152736625},"StdDev":{"confidence_interval":{"confidence_level":0.95,"lower_bound":0.040512663401510725,"upper_bound":0.06089439315345346},"point_estimate":0.051019431469496376,"standard_error":0.005229928736285085}}