{"Mean":{"confidence_interval":{"confidence_level":0.95,"lower_bound":5.653741198938868,"upper_bound":5.7834077583842705},"point_estimate":5.715191925090318,"standard_error":0.03310879618439166},"Median":{"confidence_interval":{"confidence_level":0.95,"lower_bound":5.5530181705340595,"upper_bound":5.674232601932474},"point_estimate":5.603134770300871,"standard_error":0.03386780294652023},"MedianAbsDev":{"confidence_interval":{"confidence_level":0.95,"lower_bound":0.12493358881263507,"upper_bound":0.24783699842447499},"point_estimate":0.18400205492000746,"standard_error":0.03386440340164849},"Slope":{"confidence_interval":{"confidence_level":0.95,"lower_bound":5.588411356490602,"upper_bound":5.681669030205403},"point_estimate":5.632528476636043,"standard_error":0.023845659847256246},"StdDev":{"confidence_interval":{"confidence_level":0.95,"lower_bound":0.24115292959321066,"upper_bound":0.41342590749439856},"point_estimate":0.3319951856053385,"standard_error":0.04412974824570041}}