{"Mean":{"confidence_interval":{"confidence_level":0.95,"lower_bound":5.742667741868696,"upper_bound":5.756665129673685},"point_estimate":5.749349629894397,"standard_error":0.003593827178678986},"Median":{"confidence_interval":{"confidence_level":0.95,"lower_bound":5.7393310209653805,"upper_bound":5.747895509142264},"point_estimate":5.742724525385759,"standard_error":0.002078167792033811},"MedianAbsDev":{"confidence_interval":{"confidence_level":0.95,"lower_bound":0.013317774493752384,"upper_bound":0.02303917876330221},"point_estimate":0.017207847790056074,"standard_error":0.0024480476896668072},"Slope":{"confidence_interval":{"confidence_level":0.95,"lower_bound":5.742588307424517,"upper_bound":5.7522076907999695},"point_estimate":5.747247283727619,"standard_error":0.002457371983655707},"StdDev":{"confidence_interval":{"confidence_level":0.95,"lower_bound":0.02502818151636581,"upper_bound":0.04658258681379217},"point_estimate":0.03625145138477033,"standard_error":0.005526511161366004}}