{"Mean":{"confidence_interval":{"confidence_level":0.95,"lower_bound":0.1103314995119726,"upper_bound":0.12706956391837068},"point_estimate":0.11815459241023119,"standard_error":0.004113359572369272},"Median":{"confidence_interval":{"confidence_level":0.95,"lower_bound":0.10676237128431879,"upper_bound":0.12257742004577099},"point_estimate":0.115752886097374,"standard_error":0.0038185171314129257}}