{"Mean":{"confidence_interval":{"confidence_level":0.95,"lower_bound":1.5426391404797188,"upper_bound":1.5465184492353388},"point_estimate":1.5442854051626216,"standard_error":0.0009978872584276819},"Median":{"confidence_interval":{"confidence_level":0.95,"lower_bound":1.5412078493424917,"upper_bound":1.5448117565779877},"point_estimate":1.5429256113385046,"standard_error":0.0009757204803699625},"MedianAbsDev":{"confidence_interval":{"confidence_level":0.95,"lower_bound":0.004575540240748045,"upper_bound":0.007089261469149541},"point_estimate":0.005752348153204391,"standard_error":0.0006150414701034787},"Slope":{"confidence_interval":{"confidence_level":0.95,"lower_bound":1.5445554582360965,"upper_bound":1.5466332253075366},"point_estimate":1.5455935009656643,"standard_error":0.0005303426091293823},"StdDev":{"confidence_interval":{"confidence_level":0.95,"lower_bound":0.004779367163058847,"upper_bound":0.015708157550826395},"point_estimate":0.010078054091997204,"standard_error":0.0035392976687489766}}