{"Mean":{"confidence_interval":{"confidence_level":0.95,"lower_bound":3.0749090483707913,"upper_bound":3.108155021463893},"point_estimate":3.0910871460813887,"standard_error":0.008472577267432611},"Median":{"confidence_interval":{"confidence_level":0.95,"lower_bound":3.096632538969057,"upper_bound":3.1215775053996153},"point_estimate":3.1096207595856677,"standard_error":0.005109394600266481},"MedianAbsDev":{"confidence_interval":{"confidence_level":0.95,"lower_bound":0.02716557958702973,"upper_bound":0.06264947379172446},"point_estimate":0.03899384858944238,"standard_error":0.008886865731848432},"Slope":{"confidence_interval":{"confidence_level":0.95,"lower_bound":3.1164105382093448,"upper_bound":3.145537038688423},"point_estimate":3.129059768469969,"standard_error":0.0075695463890947815},"StdDev":{"confidence_interval":{"confidence_level":0.95,"lower_bound":0.0628167848911599,"upper_bound":0.10854979729613182},"point_estimate":0.08453920994867949,"standard_error":0.01207534494297322}}