{"Mean":{"confidence_interval":{"confidence_level":0.95,"lower_bound":5.0877770796572594,"upper_bound":5.153632491696792},"point_estimate":5.120068513146005,"standard_error":0.016770364066421038},"Median":{"confidence_interval":{"confidence_level":0.95,"lower_bound":5.059744674826593,"upper_bound":5.154276467010781},"point_estimate":5.096592461049316,"standard_error":0.02436315908898333},"MedianAbsDev":{"confidence_interval":{"confidence_level":0.95,"lower_bound":0.1296060223438557,"upper_bound":0.1915274445367303},"point_estimate":0.16069739924866697,"standard_error":0.015769209840720392},"Slope":{"confidence_interval":{"confidence_level":0.95,"lower_bound":5.08599935134122,"upper_bound":5.172234095075844},"point_estimate":5.128239907758417,"standard_error":0.02201769306737774},"StdDev":{"confidence_interval":{"confidence_level":0.95,"lower_bound":0.13611470984978025,"upper_bound":0.20025115477853433},"point_estimate":0.1690497992536667,"standard_error":0.016467917944421984}}