{"Mean":{"confidence_interval":{"confidence_level":0.95,"lower_bound":3.162288624454609,"upper_bound":3.1985990376342355},"point_estimate":3.1795337841771047,"standard_error":0.009207143093187098},"Median":{"confidence_interval":{"confidence_level":0.95,"lower_bound":3.135573073746238,"upper_bound":3.232308719607328},"point_estimate":3.2290768399499585,"standard_error":0.03548730225089921},"MedianAbsDev":{"confidence_interval":{"confidence_level":0.95,"lower_bound":0.01818228548786827,"upper_bound":0.13055294388877664},"point_estimate":0.034615387607224574,"standard_error":0.03896141677849118},"Slope":{"confidence_interval":{"confidence_level":0.95,"lower_bound":3.1295266019637977,"upper_bound":3.173446520329372},"point_estimate":3.149786529041658,"standard_error":0.011192883062957492},"StdDev":{"confidence_interval":{"confidence_level":0.95,"lower_bound":0.07023987094379834,"upper_bound":0.12188191526313005},"point_estimate":0.09255501653077718,"standard_error":0.01512301876585705}}