{"Mean":{"confidence_interval":{"confidence_level":0.95,"lower_bound":-0.0007185481963469099,"upper_bound":0.020134595533149186},"point_estimate":0.006402728554609771,"standard_error":0.00516708577207689},"Median":{"confidence_interval":{"confidence_level":0.95,"lower_bound":-0.00148903239886089,"upper_bound":0.0004425634408820045},"point_estimate":-0.0004805657566201438,"standard_error":0.0004930228060008693}}