{"Mean":{"confidence_interval":{"confidence_level":0.95,"lower_bound":3.7036734741421293,"upper_bound":3.7174758468989224},"point_estimate":3.709644521255679,"standard_error":0.0035542616580309444},"Median":{"confidence_interval":{"confidence_level":0.95,"lower_bound":3.696977246615715,"upper_bound":3.7036321744342873},"point_estimate":3.6988250709902513,"standard_error":0.0017042926804552857},"MedianAbsDev":{"confidence_interval":{"confidence_level":0.95,"lower_bound":0.009068304784910955,"upper_bound":0.01668604905544526},"point_estimate":0.013233206401318835,"standard_error":0.001972481996524268},"Slope":{"confidence_interval":{"confidence_level":0.95,"lower_bound":3.7017273952683314,"upper_bound":3.733886400091846},"point_estimate":3.714160629292227,"standard_error":0.00871402710391161},"StdDev":{"confidence_interval":{"confidence_level":0.95,"lower_bound":0.01749365313577842,"upper_bound":0.05451652783038342},"point_estimate":0.03579623048386287,"standard_error":0.011326350559921728}}