{"Mean":{"confidence_interval":{"confidence_level":0.95,"lower_bound":2.6844676250988426,"upper_bound":2.692439956630776},"point_estimate":2.688156909719258,"standard_error":0.002028837828639503},"Median":{"confidence_interval":{"confidence_level":0.95,"lower_bound":2.6786645239400833,"upper_bound":2.684124057066218},"point_estimate":2.6819027234169424,"standard_error":0.001393051118636425},"MedianAbsDev":{"confidence_interval":{"confidence_level":0.95,"lower_bound":0.007183339153605818,"upper_bound":0.01318420386228046},"point_estimate":0.01012665621071811,"standard_error":0.0016144142191544305},"Slope":{"confidence_interval":{"confidence_level":0.95,"lower_bound":2.6823626178039524,"upper_bound":2.688580859727332},"point_estimate":2.6853308371641376,"standard_error":0.001590113782159755},"StdDev":{"confidence_interval":{"confidence_level":0.95,"lower_bound":0.013616881688598537,"upper_bound":0.026360086313804782},"point_estimate":0.02028386281361798,"standard_error":0.0032767606778347684}}