{"Mean":{"confidence_interval":{"confidence_level":0.95,"lower_bound":2.1718536079034414,"upper_bound":2.186718484740766},"point_estimate":2.178772749762233,"standard_error":0.003798618222940432},"Median":{"confidence_interval":{"confidence_level":0.95,"lower_bound":2.1667204757001333,"upper_bound":2.175231345503987},"point_estimate":2.1707715260171447,"standard_error":0.002068578506984214},"MedianAbsDev":{"confidence_interval":{"confidence_level":0.95,"lower_bound":0.012166885259642804,"upper_bound":0.020751332774936057},"point_estimate":0.01708419955822134,"standard_error":0.002146925757879508},"Slope":{"confidence_interval":{"confidence_level":0.95,"lower_bound":2.166783565631781,"upper_bound":2.18259133067619},"point_estimate":2.173434531793577,"standard_error":0.004072939902807936},"StdDev":{"confidence_interval":{"confidence_level":0.95,"lower_bound":0.02370650114288314,"upper_bound":0.05083555150954551},"point_estimate":0.03840547927451567,"standard_error":0.00690480037629081}}