{"Mean":{"confidence_interval":{"confidence_level":0.95,"lower_bound":2.466548414450565,"upper_bound":2.4690956893030367},"point_estimate":2.467784615433637,"standard_error":0.0006514053744528573},"Median":{"confidence_interval":{"confidence_level":0.95,"lower_bound":2.4655270176774673,"upper_bound":2.4680191669094835},"point_estimate":2.4669948065983727,"standard_error":0.0006753570552966601},"MedianAbsDev":{"confidence_interval":{"confidence_level":0.95,"lower_bound":0.004129945161335313,"upper_bound":0.00677179348200456},"point_estimate":0.0056952230942688645,"standard_error":0.000690027005048984},"Slope":{"confidence_interval":{"confidence_level":0.95,"lower_bound":2.4636988036444123,"upper_bound":2.4662500465327866},"point_estimate":2.464882087372639,"standard_error":0.0006509818232856032},"StdDev":{"confidence_interval":{"confidence_level":0.95,"lower_bound":0.005273099760843437,"upper_bound":0.007714449591185461},"point_estimate":0.006554740630291792,"standard_error":0.0006253688061089859}}