{"Mean":{"confidence_interval":{"confidence_level":0.95,"lower_bound":3.3543180679938227,"upper_bound":3.3686028116204034},"point_estimate":3.3607946270701525,"standard_error":0.0036549162778729436},"Median":{"confidence_interval":{"confidence_level":0.95,"lower_bound":3.3460036022702635,"upper_bound":3.350668564774515},"point_estimate":3.3477328641139232,"standard_error":0.001325029016882405},"MedianAbsDev":{"confidence_interval":{"confidence_level":0.95,"lower_bound":0.005273069149235518,"upper_bound":0.01158475573575193},"point_estimate":0.007746090659690373,"standard_error":0.0016595313327983385},"Slope":{"confidence_interval":{"confidence_level":0.95,"lower_bound":3.3522517520993746,"upper_bound":3.367523360976564},"point_estimate":3.358648267162982,"standard_error":0.0039533218631421525},"StdDev":{"confidence_interval":{"confidence_level":0.95,"lower_bound":0.019528880141343272,"upper_bound":0.05122586355551189},"point_estimate":0.0367848903649262,"standard_error":0.008116510180106964}}