{"Mean":{"confidence_interval":{"confidence_level":0.95,"lower_bound":4.349502580703533,"upper_bound":4.400944411059583},"point_estimate":4.370996008332861,"standard_error":0.013360644222449786},"Median":{"confidence_interval":{"confidence_level":0.95,"lower_bound":4.331884316162794,"upper_bound":4.3403573187467135},"point_estimate":4.335308048411889,"standard_error":0.0019428228675691366},"MedianAbsDev":{"confidence_interval":{"confidence_level":0.95,"lower_bound":0.012165757690587942,"upper_bound":0.029184056097544642},"point_estimate":0.019346274675431308,"standard_error":0.004491308295626829},"Slope":{"confidence_interval":{"confidence_level":0.95,"lower_bound":4.3443914636700365,"upper_bound":4.38072209889831},"point_estimate":4.359994244582894,"standard_error":0.009344655080525972},"StdDev":{"confidence_interval":{"confidence_level":0.95,"lower_bound":0.05077553877253313,"upper_bound":0.21118793939823524},"point_estimate":0.1339917975032761,"standard_error":0.04806054777636316}}