{"Mean":{"confidence_interval":{"confidence_level":0.95,"lower_bound":1.9827206634161039,"upper_bound":2.005159272132819},"point_estimate":1.9908111022468744,"standard_error":0.006513046910450499},"Median":{"confidence_interval":{"confidence_level":0.95,"lower_bound":1.9806638143364461,"upper_bound":1.9826381065799779},"point_estimate":1.9814345885761044,"standard_error":0.0004995544244776374},"MedianAbsDev":{"confidence_interval":{"confidence_level":0.95,"lower_bound":0.0031961817898020577,"upper_bound":0.005828719495873787},"point_estimate":0.004464252244201187,"standard_error":0.0006826108397787039},"Slope":{"confidence_interval":{"confidence_level":0.95,"lower_bound":1.982000476812592,"upper_bound":1.9850100245615094},"point_estimate":1.9832681241873518,"standard_error":0.0007720206554481119},"StdDev":{"confidence_interval":{"confidence_level":0.95,"lower_bound":0.006394460752256602,"upper_bound":0.11132118626557089},"point_estimate":0.06551094480911672,"standard_error":0.0358171673256193}}