{"Mean":{"confidence_interval":{"confidence_level":0.95,"lower_bound":1.8078745417338493,"upper_bound":1.8178475795159708},"point_estimate":1.8124790854915596,"standard_error":0.0025543936863721365},"Median":{"confidence_interval":{"confidence_level":0.95,"lower_bound":1.8019303292218627,"upper_bound":1.8036141786579862},"point_estimate":1.8028049274202418,"standard_error":0.00042120721377934903},"MedianAbsDev":{"confidence_interval":{"confidence_level":0.95,"lower_bound":0.0017805059492959918,"upper_bound":0.0040629560034878805},"point_estimate":0.0027412559997282153,"standard_error":0.0005837085358333097},"Slope":{"confidence_interval":{"confidence_level":0.95,"lower_bound":1.8110049241461996,"upper_bound":1.8291742332445962},"point_estimate":1.8197237298256046,"standard_error":0.0046688459182337135},"StdDev":{"confidence_interval":{"confidence_level":0.95,"lower_bound":0.016399303431061198,"upper_bound":0.033556305233351395},"point_estimate":0.0255609383933029,"standard_error":0.004399562276580225}}