{"Mean":{"confidence_interval":{"confidence_level":0.95,"lower_bound":2.063124913660959,"upper_bound":2.0733536404096617},"point_estimate":2.067303225771278,"standard_error":0.0026748869295588075},"Median":{"confidence_interval":{"confidence_level":0.95,"lower_bound":2.059136170743103,"upper_bound":2.0614701474392936},"point_estimate":2.060309460439565,"standard_error":0.0005506336770303272},"MedianAbsDev":{"confidence_interval":{"confidence_level":0.95,"lower_bound":0.0026531105840328683,"upper_bound":0.0054711939635106385},"point_estimate":0.004026230832761905,"standard_error":0.0006906541244461555},"Slope":{"confidence_interval":{"confidence_level":0.95,"lower_bound":2.0630441634462238,"upper_bound":2.086563166324374},"point_estimate":2.07165627851005,"standard_error":0.006550322545784039},"StdDev":{"confidence_interval":{"confidence_level":0.95,"lower_bound":0.009507443920056292,"upper_bound":0.04311290336853934},"point_estimate":0.026921140038476035,"standard_error":0.010560493174558148}}