{"Mean":{"confidence_interval":{"confidence_level":0.95,"lower_bound":3.1315509297665214,"upper_bound":3.1469258631812296},"point_estimate":3.1382190518862236,"standard_error":0.00394927276284976},"Median":{"confidence_interval":{"confidence_level":0.95,"lower_bound":3.1267703425734616,"upper_bound":3.1308971759621342},"point_estimate":3.1283178995810683,"standard_error":0.0011790556139211455},"MedianAbsDev":{"confidence_interval":{"confidence_level":0.95,"lower_bound":0.006697235405540139,"upper_bound":0.012574457617832149},"point_estimate":0.008668157689562436,"standard_error":0.0015296133799050152},"Slope":{"confidence_interval":{"confidence_level":0.95,"lower_bound":3.1298848681550133,"upper_bound":3.1349881361401795},"point_estimate":3.1322581430023257,"standard_error":0.0013047982963397841},"StdDev":{"confidence_interval":{"confidence_level":0.95,"lower_bound":0.01588499524546015,"upper_bound":0.06055961813913207},"point_estimate":0.039771401720486065,"standard_error":0.0118555328160182}}