{"Mean":{"confidence_interval":{"confidence_level":0.95,"lower_bound":1.8081967054378585,"upper_bound":1.8430820771688587},"point_estimate":1.8229758943823604,"standard_error":0.009015062658993494},"Median":{"confidence_interval":{"confidence_level":0.95,"lower_bound":1.8019491165446029,"upper_bound":1.8034367617602856},"point_estimate":1.8026863214708797,"standard_error":0.0004025042989673096},"MedianAbsDev":{"confidence_interval":{"confidence_level":0.95,"lower_bound":0.0024902259671904818,"upper_bound":0.005233937101821695},"point_estimate":0.0039030304167608334,"standard_error":0.0007258129363044333},"Slope":{"confidence_interval":{"confidence_level":0.95,"lower_bound":1.8044985352462721,"upper_bound":1.8079270359132944},"point_estimate":1.8061304241028766,"standard_error":0.0008791531897169824},"StdDev":{"confidence_interval":{"confidence_level":0.95,"lower_bound":0.013575560564414293,"upper_bound":0.1435748443628715},"point_estimate":0.09069219954715685,"standard_error":0.03237415896799117}}