{"Mean":{"confidence_interval":{"confidence_level":0.95,"lower_bound":3.1320375458824232,"upper_bound":3.138917392677613},"point_estimate":3.1352720765637843,"standard_error":0.0017605919003015858},"Median":{"confidence_interval":{"confidence_level":0.95,"lower_bound":3.1294036005591,"upper_bound":3.1333995157305634},"point_estimate":3.1308897244535396,"standard_error":0.0008957734943780589},"MedianAbsDev":{"confidence_interval":{"confidence_level":0.95,"lower_bound":0.006733785405194857,"upper_bound":0.012444167918354834},"point_estimate":0.00881363523306014,"standard_error":0.0013986605909264537},"Slope":{"confidence_interval":{"confidence_level":0.95,"lower_bound":3.1325658731271235,"upper_bound":3.1385807344915837},"point_estimate":3.135450301006787,"standard_error":0.001532762642483914},"StdDev":{"confidence_interval":{"confidence_level":0.95,"lower_bound":0.011603240233694311,"upper_bound":0.02342223970636308},"point_estimate":0.017681691222325286,"standard_error":0.0030608792841731376}}