{"Mean":{"confidence_interval":{"confidence_level":0.95,"lower_bound":1.8281756442124184,"upper_bound":1.8670340926336144},"point_estimate":1.8448814414270782,"standard_error":0.010011810085173009},"Median":{"confidence_interval":{"confidence_level":0.95,"lower_bound":1.807535328281659,"upper_bound":1.8235769855245534},"point_estimate":1.8142757123529383,"standard_error":0.004441946785620843},"MedianAbsDev":{"confidence_interval":{"confidence_level":0.95,"lower_bound":0.010587717356005772,"upper_bound":0.031938036167492585},"point_estimate":0.018542175028795377,"standard_error":0.005783061628844866},"Slope":{"confidence_interval":{"confidence_level":0.95,"lower_bound":1.8252906999999146,"upper_bound":1.852557456510624},"point_estimate":1.8377631335068643,"standard_error":0.006954576734266355},"StdDev":{"confidence_interval":{"confidence_level":0.95,"lower_bound":0.038557087740426925,"upper_bound":0.15165921237107477},"point_estimate":0.10025006428759528,"standard_error":0.030492265277809915}}