{"Mean":{"confidence_interval":{"confidence_level":0.95,"lower_bound":3.0972025571088153,"upper_bound":3.1172999526317655},"point_estimate":3.105724397504295,"standard_error":0.005191251327557802},"Median":{"confidence_interval":{"confidence_level":0.95,"lower_bound":3.0881815985988195,"upper_bound":3.091394767781565},"point_estimate":3.0901399494234516,"standard_error":0.0007921531015474385},"MedianAbsDev":{"confidence_interval":{"confidence_level":0.95,"lower_bound":0.003929672958387306,"upper_bound":0.00843347015634918},"point_estimate":0.006301718200005726,"standard_error":0.001173090809611402},"Slope":{"confidence_interval":{"confidence_level":0.95,"lower_bound":3.09379442563165,"upper_bound":3.1119320599457625},"point_estimate":3.1012939210095527,"standard_error":0.004653297051684949},"StdDev":{"confidence_interval":{"confidence_level":0.95,"lower_bound":0.022033277196894692,"upper_bound":0.08066473389320909},"point_estimate":0.05202072151671334,"standard_error":0.01758453659636039}}