{"Mean":{"confidence_interval":{"confidence_level":0.95,"lower_bound":0.16539925863081473,"upper_bound":0.17169750740525067},"point_estimate":0.16838475467097824,"standard_error":0.0015726511405693602},"Median":{"confidence_interval":{"confidence_level":0.95,"lower_bound":0.16501709133750397,"upper_bound":0.16711864490129774},"point_estimate":0.1662159006899513,"standard_error":0.000528059313663481}}