{"Mean":{"confidence_interval":{"confidence_level":0.95,"lower_bound":2.90693171597455,"upper_bound":2.9298329731725086},"point_estimate":2.917770965862945,"standard_error":0.005858917581716864},"Median":{"confidence_interval":{"confidence_level":0.95,"lower_bound":2.898461070188142,"upper_bound":2.9160349509261585},"point_estimate":2.9055979701542114,"standard_error":0.004937786377619209},"MedianAbsDev":{"confidence_interval":{"confidence_level":0.95,"lower_bound":0.032313042394365034,"upper_bound":0.05498103977936385},"point_estimate":0.045589918059838364,"standard_error":0.005695983466509523},"Slope":{"confidence_interval":{"confidence_level":0.95,"lower_bound":2.9025571098386225,"upper_bound":2.919176037109441},"point_estimate":2.9106073254656293,"standard_error":0.0042345041388422875},"StdDev":{"confidence_interval":{"confidence_level":0.95,"lower_bound":0.04075440346437522,"upper_bound":0.0757655597467416},"point_estimate":0.058826007492703454,"standard_error":0.009026445063689062}}