{"Mean":{"confidence_interval":{"confidence_level":0.95,"lower_bound":1.3094950366571247,"upper_bound":1.3300095399548202},"point_estimate":1.3191096459690668,"standard_error":0.005257818675958708},"Median":{"confidence_interval":{"confidence_level":0.95,"lower_bound":1.2934818173046745,"upper_bound":1.3027229477807336},"point_estimate":1.296700849930553,"standard_error":0.0023930787089311467},"MedianAbsDev":{"confidence_interval":{"confidence_level":0.95,"lower_bound":0.009660655661525705,"upper_bound":0.022145302261400268},"point_estimate":0.013956732294773285,"standard_error":0.0030746464891815207},"Slope":{"confidence_interval":{"confidence_level":0.95,"lower_bound":1.2989836393607381,"upper_bound":1.3104086293864863},"point_estimate":1.3039505549085084,"standard_error":0.002923921973280115},"StdDev":{"confidence_interval":{"confidence_level":0.95,"lower_bound":0.037457029040175796,"upper_bound":0.06622716308220741},"point_estimate":0.052990829146302494,"standard_error":0.007336351936958789}}