{"Mean":{"confidence_interval":{"confidence_level":0.95,"lower_bound":-0.007502083047166245,"upper_bound":0.031499545260548587},"point_estimate":0.008246788594747478,"standard_error":0.009950572678582773},"Median":{"confidence_interval":{"confidence_level":0.95,"lower_bound":-0.002994207718367082,"upper_bound":0.006635415567208591},"point_estimate":0.0017922461189632255,"standard_error":0.0024739551697166655}}