{"Mean":{"confidence_interval":{"confidence_level":0.95,"lower_bound":3.4102629949264083,"upper_bound":3.418335532274407},"point_estimate":3.4139958739186826,"standard_error":0.002057354056784817},"Median":{"confidence_interval":{"confidence_level":0.95,"lower_bound":3.4038402121272857,"upper_bound":3.41034945620797},"point_estimate":3.406154623754035,"standard_error":0.001708938138077493},"MedianAbsDev":{"confidence_interval":{"confidence_level":0.95,"lower_bound":0.006914662043391376,"upper_bound":0.014284909795495012},"point_estimate":0.009932269474890088,"standard_error":0.0018523946171288192},"Slope":{"confidence_interval":{"confidence_level":0.95,"lower_bound":3.4087757181586205,"upper_bound":3.415011992282002},"point_estimate":3.411766854613934,"standard_error":0.0015963099452961061},"StdDev":{"confidence_interval":{"confidence_level":0.95,"lower_bound":0.013912318250258994,"upper_bound":0.027608373207518532},"point_estimate":0.02068232657074606,"standard_error":0.0035850984406434775}}