{"Mean":{"confidence_interval":{"confidence_level":0.95,"lower_bound":2.452493184279128,"upper_bound":2.5313076504833885},"point_estimate":2.481548759824508,"standard_error":0.02187458966369334},"Median":{"confidence_interval":{"confidence_level":0.95,"lower_bound":2.445772543118685,"upper_bound":2.4500106743830745},"point_estimate":2.4470870332026244,"standard_error":0.001003296313142003},"MedianAbsDev":{"confidence_interval":{"confidence_level":0.95,"lower_bound":0.004741402646000293,"upper_bound":0.010598812844030128},"point_estimate":0.00675000120584376,"standard_error":0.0014167186591529381},"Slope":{"confidence_interval":{"confidence_level":0.95,"lower_bound":2.4511016591895314,"upper_bound":2.460368968548641},"point_estimate":2.455245053087695,"standard_error":0.002378181962959328},"StdDev":{"confidence_interval":{"confidence_level":0.95,"lower_bound":0.014738822045902863,"upper_bound":0.3703460425870756},"point_estimate":0.2200379168056112,"standard_error":0.1120628439264022}}