{"Mean":{"confidence_interval":{"confidence_level":0.95,"lower_bound":2.8185368302298945,"upper_bound":2.830982245792933},"point_estimate":2.8242881463195295,"standard_error":0.0031890141550359333},"Median":{"confidence_interval":{"confidence_level":0.95,"lower_bound":2.8132874391966607,"upper_bound":2.822626620743663},"point_estimate":2.818874630655812,"standard_error":0.0020071505494057436},"MedianAbsDev":{"confidence_interval":{"confidence_level":0.95,"lower_bound":0.013465986329281428,"upper_bound":0.021190896404035785},"point_estimate":0.01762900633597278,"standard_error":0.0019712991835868494},"Slope":{"confidence_interval":{"confidence_level":0.95,"lower_bound":2.8141645446767534,"upper_bound":2.822948133173791},"point_estimate":2.818353565407946,"standard_error":0.002238986925290714},"StdDev":{"confidence_interval":{"confidence_level":0.95,"lower_bound":0.019162253994402693,"upper_bound":0.043726387813794884},"point_estimate":0.03201534779334642,"standard_error":0.006442530888999925}}