{"Mean":{"confidence_interval":{"confidence_level":0.95,"lower_bound":0.00041453129255554326,"upper_bound":0.013676837904658286},"point_estimate":0.006617111224620054,"standard_error":0.003402901559805772},"Median":{"confidence_interval":{"confidence_level":0.95,"lower_bound":0.0037861972158270696,"upper_bound":0.006724620465211828},"point_estimate":0.005439103898242648,"standard_error":0.0007721621680685837}}