{"Mean":{"confidence_interval":{"confidence_level":0.95,"lower_bound":2.4785626957372187,"upper_bound":2.496052296616091},"point_estimate":2.4870469713573526,"standard_error":0.004478372988942969},"Median":{"confidence_interval":{"confidence_level":0.95,"lower_bound":2.4613588167145655,"upper_bound":2.4826868104912583},"point_estimate":2.4713275876928433,"standard_error":0.005254123596323839},"MedianAbsDev":{"confidence_interval":{"confidence_level":0.95,"lower_bound":0.0252293313951591,"upper_bound":0.047895575950749544},"point_estimate":0.03778147461530669,"standard_error":0.006046083451941668},"Slope":{"confidence_interval":{"confidence_level":0.95,"lower_bound":2.4741788043944832,"upper_bound":2.493218296994611},"point_estimate":2.4831385023067587,"standard_error":0.004854720321018036},"StdDev":{"confidence_interval":{"confidence_level":0.95,"lower_bound":0.038183935033165244,"upper_bound":0.05036374186654564},"point_estimate":0.04489302507062541,"standard_error":0.003117170790565463}}