{"Mean":{"confidence_interval":{"confidence_level":0.95,"lower_bound":3.8448209619335465,"upper_bound":3.8652854374591925},"point_estimate":3.854859585406327,"standard_error":0.005206710579973354},"Median":{"confidence_interval":{"confidence_level":0.95,"lower_bound":3.8361864476098106,"upper_bound":3.8547777095425078},"point_estimate":3.8436011030365944,"standard_error":0.005173626975420349},"MedianAbsDev":{"confidence_interval":{"confidence_level":0.95,"lower_bound":0.029194696220778436,"upper_bound":0.049590614126587496},"point_estimate":0.03868973062716161,"standard_error":0.005173034128759516},"Slope":{"confidence_interval":{"confidence_level":0.95,"lower_bound":3.842938098806739,"upper_bound":3.8652038471732055},"point_estimate":3.8536427687709005,"standard_error":0.005679977293289388},"StdDev":{"confidence_interval":{"confidence_level":0.95,"lower_bound":0.04224793115611842,"upper_bound":0.06144780446701064},"point_estimate":0.052231413307900446,"standard_error":0.004910538945920005}}