{"Mean":{"confidence_interval":{"confidence_level":0.95,"lower_bound":3.097584155004519,"upper_bound":3.111428283082537},"point_estimate":3.1039754635021928,"standard_error":0.003538394408729885},"Median":{"confidence_interval":{"confidence_level":0.95,"lower_bound":3.089749401169544,"upper_bound":3.093560537740804},"point_estimate":3.0912204074060874,"standard_error":0.0010044957244248988},"MedianAbsDev":{"confidence_interval":{"confidence_level":0.95,"lower_bound":0.0040313481738941965,"upper_bound":0.009520300893938155},"point_estimate":0.006255652814098407,"standard_error":0.0013965873293887519},"Slope":{"confidence_interval":{"confidence_level":0.95,"lower_bound":3.0937790824448514,"upper_bound":3.106461900905042},"point_estimate":3.099287227006592,"standard_error":0.0032617893925562325},"StdDev":{"confidence_interval":{"confidence_level":0.95,"lower_bound":0.021867160883998538,"upper_bound":0.04587959215247052},"point_estimate":0.03537933969429644,"standard_error":0.00613441531425146}}