{"Mean":{"confidence_interval":{"confidence_level":0.95,"lower_bound":-0.003448679852814631,"upper_bound":0.003349575915234759},"point_estimate":-0.00044986718567241457,"standard_error":0.0017272351474429026},"Median":{"confidence_interval":{"confidence_level":0.95,"lower_bound":-0.0014532208226090138,"upper_bound":0.0004214872257068958},"point_estimate":-0.0003885381406436572,"standard_error":0.0004452684446777466}}