{"Mean":{"confidence_interval":{"confidence_level":0.95,"lower_bound":3.201707873077572,"upper_bound":3.2124137930422205},"point_estimate":3.2065124210385645,"standard_error":0.002745293416419242},"Median":{"confidence_interval":{"confidence_level":0.95,"lower_bound":3.1963861327556735,"upper_bound":3.2021049742680594},"point_estimate":3.1988717746885236,"standard_error":0.0013864911022085022},"MedianAbsDev":{"confidence_interval":{"confidence_level":0.95,"lower_bound":0.008115531883287414,"upper_bound":0.014194800475438139},"point_estimate":0.010431155654764433,"standard_error":0.0016106955538836359},"Slope":{"confidence_interval":{"confidence_level":0.95,"lower_bound":3.1996447951599434,"upper_bound":3.2150531029617344},"point_estimate":3.205798817574922,"standard_error":0.004079550165576802},"StdDev":{"confidence_interval":{"confidence_level":0.95,"lower_bound":0.014837999624193066,"upper_bound":0.03998851912371841},"point_estimate":0.02752426353313996,"standard_error":0.006832565316375207}}