{"Mean":{"confidence_interval":{"confidence_level":0.95,"lower_bound":3.191257902175689,"upper_bound":3.2016939819079275},"point_estimate":3.1959587545373087,"standard_error":0.002675651272086943},"Median":{"confidence_interval":{"confidence_level":0.95,"lower_bound":3.1865970317764676,"upper_bound":3.1905118979422387},"point_estimate":3.188499499522801,"standard_error":0.0011152171844451373},"MedianAbsDev":{"confidence_interval":{"confidence_level":0.95,"lower_bound":0.008421794044988808,"upper_bound":0.015854853834652727},"point_estimate":0.012429172954199694,"standard_error":0.0019302356981499905},"Slope":{"confidence_interval":{"confidence_level":0.95,"lower_bound":3.190192682293897,"upper_bound":3.1996342913269786},"point_estimate":3.194436497275608,"standard_error":0.0024220961970053924},"StdDev":{"confidence_interval":{"confidence_level":0.95,"lower_bound":0.014880661550087129,"upper_bound":0.03820148119883939},"point_estimate":0.026859724528465176,"standard_error":0.006172762557703503}}