{"Mean":{"confidence_interval":{"confidence_level":0.95,"lower_bound":5.260134209401445,"upper_bound":5.325172032092685},"point_estimate":5.290906430321145,"standard_error":0.01662342071511507},"Median":{"confidence_interval":{"confidence_level":0.95,"lower_bound":5.19730969386971,"upper_bound":5.284363801124821},"point_estimate":5.225119412249883,"standard_error":0.022740407286932014},"MedianAbsDev":{"confidence_interval":{"confidence_level":0.95,"lower_bound":0.069750742323932,"upper_bound":0.1623698951100823},"point_estimate":0.11041216992070702,"standard_error":0.02531708839940347},"Slope":{"confidence_interval":{"confidence_level":0.95,"lower_bound":5.242640704034803,"upper_bound":5.297757554917989},"point_estimate":5.268645542877167,"standard_error":0.014077453718441374},"StdDev":{"confidence_interval":{"confidence_level":0.95,"lower_bound":0.12082237478348344,"upper_bound":0.21237384391815692},"point_estimate":0.16707650130782495,"standard_error":0.023685824371434096}}