{"Mean":{"confidence_interval":{"confidence_level":0.95,"lower_bound":2.8875462019370266,"upper_bound":2.8961479841596605},"point_estimate":2.8920527944804326,"standard_error":0.0021927391348693583},"Median":{"confidence_interval":{"confidence_level":0.95,"lower_bound":2.892614271687999,"upper_bound":2.897752463054187},"point_estimate":2.8954009430987817,"standard_error":0.0011232717690104173},"MedianAbsDev":{"confidence_interval":{"confidence_level":0.95,"lower_bound":0.008650641077730881,"upper_bound":0.014324968603123493},"point_estimate":0.01237243422718445,"standard_error":0.001402114889398803},"Slope":{"confidence_interval":{"confidence_level":0.95,"lower_bound":2.8960425446034495,"upper_bound":2.899891850033518},"point_estimate":2.8979528109516868,"standard_error":0.0009800436367777676},"StdDev":{"confidence_interval":{"confidence_level":0.95,"lower_bound":0.014865766081665937,"upper_bound":0.028563546457839255},"point_estimate":0.02201880967078622,"standard_error":0.003514039183441122}}