{"Mean":{"confidence_interval":{"confidence_level":0.95,"lower_bound":4.813810985064305,"upper_bound":4.870484089279252},"point_estimate":4.841815303291507,"standard_error":0.01448835612934954},"Median":{"confidence_interval":{"confidence_level":0.95,"lower_bound":4.791373924762119,"upper_bound":4.878200921649959},"point_estimate":4.817706118732856,"standard_error":0.024236681632937893},"MedianAbsDev":{"confidence_interval":{"confidence_level":0.95,"lower_bound":0.1305670050365994,"upper_bound":0.19756913170695128},"point_estimate":0.16974513717711942,"standard_error":0.017496882886108664},"Slope":{"confidence_interval":{"confidence_level":0.95,"lower_bound":4.843793977328612,"upper_bound":4.92126766434765},"point_estimate":4.881093184949648,"standard_error":0.01974512229563012},"StdDev":{"confidence_interval":{"confidence_level":0.95,"lower_bound":0.12430635520873348,"upper_bound":0.16487084457207393},"point_estimate":0.14492482891906092,"standard_error":0.010405542052847801}}