{"Mean":{"confidence_interval":{"confidence_level":0.95,"lower_bound":1.189054638717426,"upper_bound":1.1935345238129582},"point_estimate":1.1909074566362559,"standard_error":0.001166815373131584},"Median":{"confidence_interval":{"confidence_level":0.95,"lower_bound":1.1881944604264074,"upper_bound":1.1889417558594846},"point_estimate":1.1885846526272368,"standard_error":0.0002014082381413546},"MedianAbsDev":{"confidence_interval":{"confidence_level":0.95,"lower_bound":0.0008151688504636839,"upper_bound":0.0016471135487936721},"point_estimate":0.0012388104742189193,"standard_error":0.00020125645786572268},"Slope":{"confidence_interval":{"confidence_level":0.95,"lower_bound":1.188711734517524,"upper_bound":1.1980699668206742},"point_estimate":1.1919080579074326,"standard_error":0.0027311075257747844},"StdDev":{"confidence_interval":{"confidence_level":0.95,"lower_bound":0.002541148506941637,"upper_bound":0.018573751115569723},"point_estimate":0.011683359599596701,"standard_error":0.004328195100327092}}