{"Mean":{"confidence_interval":{"confidence_level":0.95,"lower_bound":2.065269081238944,"upper_bound":2.0718675325582065},"point_estimate":2.0683441995520564,"standard_error":0.0016806414118572244},"Median":{"confidence_interval":{"confidence_level":0.95,"lower_bound":2.0602259243886154,"upper_bound":2.062643779164973},"point_estimate":2.0616439248674205,"standard_error":0.000754003178817635},"MedianAbsDev":{"confidence_interval":{"confidence_level":0.95,"lower_bound":0.0028675438681032943,"upper_bound":0.006552874566870749},"point_estimate":0.004769652723971122,"standard_error":0.001090612470667567},"Slope":{"confidence_interval":{"confidence_level":0.95,"lower_bound":2.063180065570846,"upper_bound":2.0684906972092967},"point_estimate":2.0656750406739692,"standard_error":0.0013602154061709822},"StdDev":{"confidence_interval":{"confidence_level":0.95,"lower_bound":0.011106752311809735,"upper_bound":0.022539687579054255},"point_estimate":0.016886335151697653,"standard_error":0.002984963343637708}}