{"Mean":{"confidence_interval":{"confidence_level":0.95,"lower_bound":3.0934436291360314,"upper_bound":3.107992999384366},"point_estimate":3.099728033423182,"standard_error":0.003751664615018313},"Median":{"confidence_interval":{"confidence_level":0.95,"lower_bound":3.088225731218629,"upper_bound":3.0905993220211063},"point_estimate":3.0891747158148224,"standard_error":0.0005981467616423072},"MedianAbsDev":{"confidence_interval":{"confidence_level":0.95,"lower_bound":0.0037474133611368264,"upper_bound":0.007286062454704077},"point_estimate":0.005555588991311023,"standard_error":0.0008605941757013363},"Slope":{"confidence_interval":{"confidence_level":0.95,"lower_bound":3.091369702092552,"upper_bound":3.1050622127397736},"point_estimate":3.0965724890189854,"standard_error":0.0036429798401160516},"StdDev":{"confidence_interval":{"confidence_level":0.95,"lower_bound":0.013470085057497172,"upper_bound":0.057713431228479856},"point_estimate":0.03787854162214016,"standard_error":0.011566542921013731}}