{"Mean":{"confidence_interval":{"confidence_level":0.95,"lower_bound":2.0718655442786202,"upper_bound":2.077256387865727},"point_estimate":2.0742026942794416,"standard_error":0.0013875888254567745},"Median":{"confidence_interval":{"confidence_level":0.95,"lower_bound":2.069296233950648,"upper_bound":2.0726017545716546},"point_estimate":2.071133711430031,"standard_error":0.0009251022949260934},"MedianAbsDev":{"confidence_interval":{"confidence_level":0.95,"lower_bound":0.003557065083960279,"upper_bound":0.0063393803584454326},"point_estimate":0.0051186010319496334,"standard_error":0.0007220154219899683},"Slope":{"confidence_interval":{"confidence_level":0.95,"lower_bound":2.0692852642764583,"upper_bound":2.0734733707596424},"point_estimate":2.0711348751067793,"standard_error":0.0010789450615713869},"StdDev":{"confidence_interval":{"confidence_level":0.95,"lower_bound":0.006670609895128087,"upper_bound":0.021212217272449777},"point_estimate":0.013917609508207108,"standard_error":0.004375441530980869}}