{"Mean":{"confidence_interval":{"confidence_level":0.95,"lower_bound":1.808376559981144,"upper_bound":1.8163866611331771},"point_estimate":1.8121442572860582,"standard_error":0.002048265852944112},"Median":{"confidence_interval":{"confidence_level":0.95,"lower_bound":1.8023501892807812,"upper_bound":1.8041147657140337},"point_estimate":1.8030900059478974,"standard_error":0.0004898000169377482},"MedianAbsDev":{"confidence_interval":{"confidence_level":0.95,"lower_bound":0.0025972257253659313,"upper_bound":0.005649824945868541},"point_estimate":0.003879634944737162,"standard_error":0.0008034640163528483},"Slope":{"confidence_interval":{"confidence_level":0.95,"lower_bound":1.8062110895973726,"upper_bound":1.8136424927612032},"point_estimate":1.809576644982155,"standard_error":0.0019033549200245558},"StdDev":{"confidence_interval":{"confidence_level":0.95,"lower_bound":0.014586241076506506,"upper_bound":0.025217225329619605},"point_estimate":0.02047986811140123,"standard_error":0.002726501021161724}}