{"Mean":{"confidence_interval":{"confidence_level":0.95,"lower_bound":2.1838589555578074,"upper_bound":2.1958790719455514},"point_estimate":2.1896692970852323,"standard_error":0.0030709088498006363},"Median":{"confidence_interval":{"confidence_level":0.95,"lower_bound":2.183500616464056,"upper_bound":2.1910617918828708},"point_estimate":2.1879089392553888,"standard_error":0.001858682386442983},"MedianAbsDev":{"confidence_interval":{"confidence_level":0.95,"lower_bound":0.013452434070179728,"upper_bound":0.025640820885655956},"point_estimate":0.020679770991713985,"standard_error":0.003136328719303104},"Slope":{"confidence_interval":{"confidence_level":0.95,"lower_bound":2.1896794062393563,"upper_bound":2.202751261269374},"point_estimate":2.1959075887482404,"standard_error":0.0033317665085060783},"StdDev":{"confidence_interval":{"confidence_level":0.95,"lower_bound":0.02261593891657468,"upper_bound":0.0390585432704619},"point_estimate":0.030956805554440033,"standard_error":0.004239078406713531}}