{"Mean":{"confidence_interval":{"confidence_level":0.95,"lower_bound":1.8192265964107497,"upper_bound":1.835850339457282},"point_estimate":1.8270328355303445,"standard_error":0.004248581008381145},"Median":{"confidence_interval":{"confidence_level":0.95,"lower_bound":1.8037966939247132,"upper_bound":1.8110857727567262},"point_estimate":1.8053547501467917,"standard_error":0.001976436332418577},"MedianAbsDev":{"confidence_interval":{"confidence_level":0.95,"lower_bound":0.005345799704867092,"upper_bound":0.015560449642678371},"point_estimate":0.0077975888715522,"standard_error":0.002971568487337205},"Slope":{"confidence_interval":{"confidence_level":0.95,"lower_bound":1.8196190531899405,"upper_bound":1.8435262032943591},"point_estimate":1.8305521497305852,"standard_error":0.006126096248923241},"StdDev":{"confidence_interval":{"confidence_level":0.95,"lower_bound":0.029355383663841945,"upper_bound":0.054249497099962796},"point_estimate":0.042659441700811686,"standard_error":0.006370621857098706}}