{"Mean":{"confidence_interval":{"confidence_level":0.95,"lower_bound":4.129456668052346,"upper_bound":4.158942284682681},"point_estimate":4.142305054141019,"standard_error":0.007567067993721841},"Median":{"confidence_interval":{"confidence_level":0.95,"lower_bound":4.117454738985136,"upper_bound":4.1216559402941915},"point_estimate":4.118648274502078,"standard_error":0.0012142364452602478},"MedianAbsDev":{"confidence_interval":{"confidence_level":0.95,"lower_bound":0.0045385624000928325,"upper_bound":0.010002671739395862},"point_estimate":0.0062275464693594,"standard_error":0.0014983111651261927},"Slope":{"confidence_interval":{"confidence_level":0.95,"lower_bound":4.138077703187916,"upper_bound":4.205564182151111},"point_estimate":4.168158654882278,"standard_error":0.01740477815172367},"StdDev":{"confidence_interval":{"confidence_level":0.95,"lower_bound":0.030772025060911194,"upper_bound":0.11356789684229153},"point_estimate":0.07566499923237022,"standard_error":0.021708744494882647}}