{"Mean":{"confidence_interval":{"confidence_level":0.95,"lower_bound":1.9822117504370682,"upper_bound":1.984319242191047},"point_estimate":1.9832378495645413,"standard_error":0.0005367956073425747},"Median":{"confidence_interval":{"confidence_level":0.95,"lower_bound":1.9805060774286105,"upper_bound":1.9829126904860532},"point_estimate":1.9817899236579841,"standard_error":0.0006247800659431183},"MedianAbsDev":{"confidence_interval":{"confidence_level":0.95,"lower_bound":0.003344719871060758,"upper_bound":0.006100007330614874},"point_estimate":0.004704430797680443,"standard_error":0.0007289002303089066},"Slope":{"confidence_interval":{"confidence_level":0.95,"lower_bound":1.9799634023555022,"upper_bound":1.981406545622071},"point_estimate":1.98062936278503,"standard_error":0.00036948458773918024},"StdDev":{"confidence_interval":{"confidence_level":0.95,"lower_bound":0.004446100418446339,"upper_bound":0.006207555024806721},"point_estimate":0.0053878333259625,"standard_error":0.00044927919968498764}}