{"Mean":{"confidence_interval":{"confidence_level":0.95,"lower_bound":2.6395816318233507,"upper_bound":2.6708659216256634},"point_estimate":2.653367379082825,"standard_error":0.008030638851892102},"Median":{"confidence_interval":{"confidence_level":0.95,"lower_bound":2.623033757233359,"upper_bound":2.6332025043544416},"point_estimate":2.6266988362267103,"standard_error":0.002424226240460785},"MedianAbsDev":{"confidence_interval":{"confidence_level":0.95,"lower_bound":0.009692950604873343,"upper_bound":0.024305605350018914},"point_estimate":0.015623756879825737,"standard_error":0.003468837203327684},"Slope":{"confidence_interval":{"confidence_level":0.95,"lower_bound":2.6327312348603016,"upper_bound":2.6787458171050442},"point_estimate":2.6497242500995712,"standard_error":0.012474026790621734},"StdDev":{"confidence_interval":{"confidence_level":0.95,"lower_bound":0.03951084527529729,"upper_bound":0.12063426229399754},"point_estimate":0.08092453508371822,"standard_error":0.022616454950955864}}