{"Mean":{"confidence_interval":{"confidence_level":0.95,"lower_bound":2.164660121501479,"upper_bound":2.188616646083634},"point_estimate":2.1763903097414317,"standard_error":0.0061025493196761125},"Median":{"confidence_interval":{"confidence_level":0.95,"lower_bound":2.1349839310977554,"upper_bound":2.2014630089201845},"point_estimate":2.14249489427745,"standard_error":0.016318802613395095},"MedianAbsDev":{"confidence_interval":{"confidence_level":0.95,"lower_bound":0.024903694250742698,"upper_bound":0.08951511686728622},"point_estimate":0.04350806539470062,"standard_error":0.01740674588562658},"Slope":{"confidence_interval":{"confidence_level":0.95,"lower_bound":2.1335508701284347,"upper_bound":2.1449746761054715},"point_estimate":2.138710858784635,"standard_error":0.0029068937238968186},"StdDev":{"confidence_interval":{"confidence_level":0.95,"lower_bound":0.05276072323713806,"upper_bound":0.06996270905231622},"point_estimate":0.06135193306758152,"standard_error":0.004414449367629869}}