{"Mean":{"confidence_interval":{"confidence_level":0.95,"lower_bound":2.201484420087949,"upper_bound":2.215896366926822},"point_estimate":2.2087419267002426,"standard_error":0.003661845779837634},"Median":{"confidence_interval":{"confidence_level":0.95,"lower_bound":2.2072581088016694,"upper_bound":2.219673011793853},"point_estimate":2.212759532066654,"standard_error":0.0032302085324936456},"MedianAbsDev":{"confidence_interval":{"confidence_level":0.95,"lower_bound":0.01929563441500463,"upper_bound":0.04306292059079879},"point_estimate":0.02537891943755475,"standard_error":0.005950598341702367},"Slope":{"confidence_interval":{"confidence_level":0.95,"lower_bound":2.176803599524591,"upper_bound":2.1983187742483095},"point_estimate":2.186896835792042,"standard_error":0.005460654397097145},"StdDev":{"confidence_interval":{"confidence_level":0.95,"lower_bound":0.03171201629814396,"upper_bound":0.041146060040690845},"point_estimate":0.036813984516744405,"standard_error":0.0024095145873678997}}