{"Mean":{"confidence_interval":{"confidence_level":0.95,"lower_bound":3.6657019906036594,"upper_bound":3.692536796407792},"point_estimate":3.6791140324028033,"standard_error":0.006858894329682864},"Median":{"confidence_interval":{"confidence_level":0.95,"lower_bound":3.659938788838607,"upper_bound":3.69345377118965},"point_estimate":3.67746417246062,"standard_error":0.009393581978244348},"MedianAbsDev":{"confidence_interval":{"confidence_level":0.95,"lower_bound":0.05149731408316848,"upper_bound":0.08448073175652193},"point_estimate":0.0686233406172688,"standard_error":0.0084898577181092},"Slope":{"confidence_interval":{"confidence_level":0.95,"lower_bound":3.6516412728897554,"upper_bound":3.677381752797514},"point_estimate":3.6642425080154286,"standard_error":0.006582861708387062},"StdDev":{"confidence_interval":{"confidence_level":0.95,"lower_bound":0.05878248563221498,"upper_bound":0.07801798683781529},"point_estimate":0.06875873736113632,"standard_error":0.004912463284480657}}