{"Mean":{"confidence_interval":{"confidence_level":0.95,"lower_bound":2.6338740621057393,"upper_bound":2.63830709123417},"point_estimate":2.6359241787939127,"standard_error":0.0011343673273375504},"Median":{"confidence_interval":{"confidence_level":0.95,"lower_bound":2.6314797167738355,"upper_bound":2.63501161635751},"point_estimate":2.633129271764365,"standard_error":0.0009360687926318936},"MedianAbsDev":{"confidence_interval":{"confidence_level":0.95,"lower_bound":0.004728248727827807,"upper_bound":0.00851368296956289},"point_estimate":0.006231679471078053,"standard_error":0.0009658912705169105},"Slope":{"confidence_interval":{"confidence_level":0.95,"lower_bound":2.6342034079989327,"upper_bound":2.6416338873494953},"point_estimate":2.637502251412729,"standard_error":0.0019137467351232182},"StdDev":{"confidence_interval":{"confidence_level":0.95,"lower_bound":0.006976340739777814,"upper_bound":0.01562500957811696},"point_estimate":0.011456209282251965,"standard_error":0.0022547582632296715}}