{"Mean":{"confidence_interval":{"confidence_level":0.95,"lower_bound":1.9267812443770325,"upper_bound":1.935054126838565},"point_estimate":1.9304807845052845,"standard_error":0.0021253316590166683},"Median":{"confidence_interval":{"confidence_level":0.95,"lower_bound":1.9223609057255984,"upper_bound":1.92615898339148},"point_estimate":1.9252229722001686,"standard_error":0.001117363984080644},"MedianAbsDev":{"confidence_interval":{"confidence_level":0.95,"lower_bound":0.004507058117547206,"upper_bound":0.008426672204334318},"point_estimate":0.007127359628544894,"standard_error":0.0010645455767139718},"Slope":{"confidence_interval":{"confidence_level":0.95,"lower_bound":1.9266776620249064,"upper_bound":1.9418176545429908},"point_estimate":1.932417934881877,"standard_error":0.004127705404110776},"StdDev":{"confidence_interval":{"confidence_level":0.95,"lower_bound":0.010039258945310423,"upper_bound":0.030698446627658294},"point_estimate":0.021378667938323586,"standard_error":0.005258792971702263}}