{"Mean":{"confidence_interval":{"confidence_level":0.95,"lower_bound":4.857316823921957,"upper_bound":4.872372817434346},"point_estimate":4.864166359860664,"standard_error":0.003847357079416232},"Median":{"confidence_interval":{"confidence_level":0.95,"lower_bound":4.848892843994502,"upper_bound":4.856836965421662},"point_estimate":4.852848321718911,"standard_error":0.0019107826369232732},"MedianAbsDev":{"confidence_interval":{"confidence_level":0.95,"lower_bound":0.01146021471828998,"upper_bound":0.025033137222479893},"point_estimate":0.01701048548345113,"standard_error":0.003609982440758063},"Slope":{"confidence_interval":{"confidence_level":0.95,"lower_bound":4.854609661997056,"upper_bound":4.864979417104414},"point_estimate":4.859545856544257,"standard_error":0.0026368033808639112},"StdDev":{"confidence_interval":{"confidence_level":0.95,"lower_bound":0.021801546913288995,"upper_bound":0.0540720543142066},"point_estimate":0.03878161099184198,"standard_error":0.008423381026779532}}