{"Mean":{"confidence_interval":{"confidence_level":0.95,"lower_bound":6.540437345304521,"upper_bound":6.644710578516935},"point_estimate":6.5782366670752,"standard_error":0.029822104087528237},"Median":{"confidence_interval":{"confidence_level":0.95,"lower_bound":6.5307826947591545,"upper_bound":6.548193300499263},"point_estimate":6.537305055628911,"standard_error":0.0044720264583528475},"MedianAbsDev":{"confidence_interval":{"confidence_level":0.95,"lower_bound":0.035452839927870246,"upper_bound":0.05386851040914247},"point_estimate":0.042684175655196825,"standard_error":0.004734718245792173},"Slope":{"confidence_interval":{"confidence_level":0.95,"lower_bound":6.525126353860054,"upper_bound":6.543266945884062},"point_estimate":6.534121603030708,"standard_error":0.004625252416170998},"StdDev":{"confidence_interval":{"confidence_level":0.95,"lower_bound":0.04375994263953424,"upper_bound":0.5068679882864062},"point_estimate":0.2990841851602588,"standard_error":0.16018215007896966}}