{"Mean":{"confidence_interval":{"confidence_level":0.95,"lower_bound":2.962107047449082,"upper_bound":2.9719326257666823},"point_estimate":2.9665139347166387,"standard_error":0.002517696464654458},"Median":{"confidence_interval":{"confidence_level":0.95,"lower_bound":2.9600995715704075,"upper_bound":2.963447797848662},"point_estimate":2.96133245356579,"standard_error":0.0007893498144310053},"MedianAbsDev":{"confidence_interval":{"confidence_level":0.95,"lower_bound":0.006316314106749584,"upper_bound":0.01389492967053454},"point_estimate":0.010048480607986842,"standard_error":0.0020661341922795107},"Slope":{"confidence_interval":{"confidence_level":0.95,"lower_bound":2.9616092758848307,"upper_bound":2.968458775571581},"point_estimate":2.964891472698133,"standard_error":0.0017565968889283307},"StdDev":{"confidence_interval":{"confidence_level":0.95,"lower_bound":0.013959272038538776,"upper_bound":0.03673604218068951},"point_estimate":0.025267196236401866,"standard_error":0.006434427255260619}}