{"Mean":{"confidence_interval":{"confidence_level":0.95,"lower_bound":4.083167783158926,"upper_bound":4.104906059548029},"point_estimate":4.0935359790934776,"standard_error":0.005551965076633367},"Median":{"confidence_interval":{"confidence_level":0.95,"lower_bound":4.082618674850263,"upper_bound":4.107567265095193},"point_estimate":4.0975568027914075,"standard_error":0.005972050019167073},"MedianAbsDev":{"confidence_interval":{"confidence_level":0.95,"lower_bound":0.030822270105021882,"upper_bound":0.05242917269396266},"point_estimate":0.04362454689425714,"standard_error":0.005534121052418413},"Slope":{"confidence_interval":{"confidence_level":0.95,"lower_bound":4.0864610814392,"upper_bound":4.101398438992074},"point_estimate":4.094121398040387,"standard_error":0.0038143624175298726},"StdDev":{"confidence_interval":{"confidence_level":0.95,"lower_bound":0.039598500992623326,"upper_bound":0.07487961110170727},"point_estimate":0.05575093783506913,"standard_error":0.009803925372493735}}