{"Mean":{"confidence_interval":{"confidence_level":0.95,"lower_bound":6.133953617382421,"upper_bound":6.170883624076465},"point_estimate":6.152568054393034,"standard_error":0.009484599982555892},"Median":{"confidence_interval":{"confidence_level":0.95,"lower_bound":6.135087234540981,"upper_bound":6.167928949935914},"point_estimate":6.150293285132282,"standard_error":0.0072460451549007454},"MedianAbsDev":{"confidence_interval":{"confidence_level":0.95,"lower_bound":0.051702739047854905,"upper_bound":0.10301574757330718},"point_estimate":0.08223623208344344,"standard_error":0.013608398061594692},"Slope":{"confidence_interval":{"confidence_level":0.95,"lower_bound":6.146937063989177,"upper_bound":6.178853839750376},"point_estimate":6.162469812044473,"standard_error":0.008172506091614557},"StdDev":{"confidence_interval":{"confidence_level":0.95,"lower_bound":0.08018078508158132,"upper_bound":0.10833693546942656},"point_estimate":0.09507483720233605,"standard_error":0.007191545848663591}}