{"Mean":{"confidence_interval":{"confidence_level":0.95,"lower_bound":4.339919285883084,"upper_bound":4.351219480432338},"point_estimate":4.345461048843326,"standard_error":0.002870032817580295},"Median":{"confidence_interval":{"confidence_level":0.95,"lower_bound":4.331305634500943,"upper_bound":4.341095055192185},"point_estimate":4.3364466908090815,"standard_error":0.0024140914712225386},"MedianAbsDev":{"confidence_interval":{"confidence_level":0.95,"lower_bound":0.013695581944171368,"upper_bound":0.029609854521748392},"point_estimate":0.02213405854327341,"standard_error":0.004171707012722865},"Slope":{"confidence_interval":{"confidence_level":0.95,"lower_bound":4.338393521638803,"upper_bound":4.350704468557443},"point_estimate":4.3443003025147116,"standard_error":0.00316187341270188},"StdDev":{"confidence_interval":{"confidence_level":0.95,"lower_bound":0.02391416904587553,"upper_bound":0.03339604982773255},"point_estimate":0.029023653444634135,"standard_error":0.002418499971325142}}