{"Mean":{"confidence_interval":{"confidence_level":0.95,"lower_bound":0.1714883313703647,"upper_bound":0.18394900592568394},"point_estimate":0.1773310633933467,"standard_error":0.0032187802368744333},"Median":{"confidence_interval":{"confidence_level":0.95,"lower_bound":0.1676339026093432,"upper_bound":0.17487773920967387},"point_estimate":0.16874610079386598,"standard_error":0.0015402738598724892}}