{"Mean":{"confidence_interval":{"confidence_level":0.95,"lower_bound":3.0969435448477993,"upper_bound":3.112817868784372},"point_estimate":3.1040820642921436,"standard_error":0.004075043177585122},"Median":{"confidence_interval":{"confidence_level":0.95,"lower_bound":3.0889260662164753,"upper_bound":3.0934023375515203},"point_estimate":3.0904467061718193,"standard_error":0.001062425069478294},"MedianAbsDev":{"confidence_interval":{"confidence_level":0.95,"lower_bound":0.0037340690987050745,"upper_bound":0.009608233894290849},"point_estimate":0.0059819006959846936,"standard_error":0.001378484133190165},"Slope":{"confidence_interval":{"confidence_level":0.95,"lower_bound":3.0943866696812568,"upper_bound":3.1161708102329246},"point_estimate":3.102721313061133,"standard_error":0.0058769437328597485},"StdDev":{"confidence_interval":{"confidence_level":0.95,"lower_bound":0.02014153846009914,"upper_bound":0.05699527746651173},"point_estimate":0.04096230001518101,"standard_error":0.00936163313747988}}