{"Mean":{"confidence_interval":{"confidence_level":0.95,"lower_bound":3.2006917758493194,"upper_bound":3.2094239390539117},"point_estimate":3.2047275908112467,"standard_error":0.0022399647739849114},"Median":{"confidence_interval":{"confidence_level":0.95,"lower_bound":3.194347007050861,"upper_bound":3.1989376667161835},"point_estimate":3.197246627039963,"standard_error":0.0009919968216458668},"MedianAbsDev":{"confidence_interval":{"confidence_level":0.95,"lower_bound":0.00540031428491435,"upper_bound":0.010863933877142165},"point_estimate":0.008402700477247541,"standard_error":0.0013652540943671324},"Slope":{"confidence_interval":{"confidence_level":0.95,"lower_bound":3.198446396391832,"upper_bound":3.2080458105864347},"point_estimate":3.202435477368525,"standard_error":0.0024897279203719594},"StdDev":{"confidence_interval":{"confidence_level":0.95,"lower_bound":0.01407034145381087,"upper_bound":0.030184843680874745},"point_estimate":0.022555256969547407,"standard_error":0.004166024881156413}}