{"Mean":{"confidence_interval":{"confidence_level":0.95,"lower_bound":3.4101750778005395,"upper_bound":3.4171241876615395},"point_estimate":3.413415176904745,"standard_error":0.001780457311009486},"Median":{"confidence_interval":{"confidence_level":0.95,"lower_bound":3.404981598284208,"upper_bound":3.410870990665628},"point_estimate":3.407478583075596,"standard_error":0.0012816945144886766},"MedianAbsDev":{"confidence_interval":{"confidence_level":0.95,"lower_bound":0.006327055089965985,"upper_bound":0.012947707334488278},"point_estimate":0.0087228892686089,"standard_error":0.0015273429191070016},"Slope":{"confidence_interval":{"confidence_level":0.95,"lower_bound":3.4095057404593963,"upper_bound":3.415558497864043},"point_estimate":3.4124751922677437,"standard_error":0.0015486216487376845},"StdDev":{"confidence_interval":{"confidence_level":0.95,"lower_bound":0.011961556201354608,"upper_bound":0.023894905580298716},"point_estimate":0.017924056696680284,"standard_error":0.0031277466813167064}}