{"Mean":{"confidence_interval":{"confidence_level":0.95,"lower_bound":2.6354880283485294,"upper_bound":2.6420524380337924},"point_estimate":2.638395514178406,"standard_error":0.0016856597869698473},"Median":{"confidence_interval":{"confidence_level":0.95,"lower_bound":2.6330706848634806,"upper_bound":2.637419668817659},"point_estimate":2.634584659496828,"standard_error":0.001051625246433671},"MedianAbsDev":{"confidence_interval":{"confidence_level":0.95,"lower_bound":0.005073803538177082,"upper_bound":0.008386407017566575},"point_estimate":0.006099035924392538,"standard_error":0.0008181798028907179},"Slope":{"confidence_interval":{"confidence_level":0.95,"lower_bound":2.6347742111832884,"upper_bound":2.6399341963303997},"point_estimate":2.6370865856205903,"standard_error":0.0013252005273536812},"StdDev":{"confidence_interval":{"confidence_level":0.95,"lower_bound":0.007912097050961958,"upper_bound":0.024456859929440185},"point_estimate":0.016843460526194013,"standard_error":0.0042969854822179}}