{"Mean":{"confidence_interval":{"confidence_level":0.95,"lower_bound":1.293768829312459,"upper_bound":1.3194455889282604},"point_estimate":1.303841486889138,"standard_error":0.006782798612636035},"Median":{"confidence_interval":{"confidence_level":0.95,"lower_bound":1.2892044257954507,"upper_bound":1.29188257524593},"point_estimate":1.2901511776067665,"standard_error":0.0006637889028998635},"MedianAbsDev":{"confidence_interval":{"confidence_level":0.95,"lower_bound":0.0024351941564402127,"upper_bound":0.006204680980397199},"point_estimate":0.003743735380500989,"standard_error":0.000905176168379566},"Slope":{"confidence_interval":{"confidence_level":0.95,"lower_bound":1.292632472937685,"upper_bound":1.3073937765115242},"point_estimate":1.298387181479408,"standard_error":0.003930343414617903},"StdDev":{"confidence_interval":{"confidence_level":0.95,"lower_bound":0.009339530572462533,"upper_bound":0.11208813415247211},"point_estimate":0.06810259782166408,"standard_error":0.02955616760559775}}