{"Mean":{"confidence_interval":{"confidence_level":0.95,"lower_bound":3.0812286341395976,"upper_bound":3.0974021132880063},"point_estimate":3.08844838580628,"standard_error":0.004133513092434255},"Median":{"confidence_interval":{"confidence_level":0.95,"lower_bound":3.076351576618365,"upper_bound":3.0915489802483958},"point_estimate":3.0836640514720903,"standard_error":0.0035886576460400776},"MedianAbsDev":{"confidence_interval":{"confidence_level":0.95,"lower_bound":0.022032169555764123,"upper_bound":0.034965899254634815},"point_estimate":0.02794908474313047,"standard_error":0.0032537089693212428},"Slope":{"confidence_interval":{"confidence_level":0.95,"lower_bound":3.091365095015312,"upper_bound":3.105751490612188},"point_estimate":3.0983191071257576,"standard_error":0.0036502593859404618},"StdDev":{"confidence_interval":{"confidence_level":0.95,"lower_bound":0.024233342960054784,"upper_bound":0.061001440632227025},"point_estimate":0.04151988778927828,"standard_error":0.011179026032607122}}