{"Mean":{"confidence_interval":{"confidence_level":0.95,"lower_bound":6.521342090139067,"upper_bound":6.549386418504919},"point_estimate":6.534517098605147,"standard_error":0.007177615385229572},"Median":{"confidence_interval":{"confidence_level":0.95,"lower_bound":6.502816083225757,"upper_bound":6.515134474655564},"point_estimate":6.509683199928281,"standard_error":0.0033656087889491057},"MedianAbsDev":{"confidence_interval":{"confidence_level":0.95,"lower_bound":0.01804184681279591,"upper_bound":0.031016088218823942},"point_estimate":0.023978883685732703,"standard_error":0.0033000627445882724},"Slope":{"confidence_interval":{"confidence_level":0.95,"lower_bound":6.510880758738574,"upper_bound":6.5319117290704005},"point_estimate":6.520316417210226,"standard_error":0.0053973992421318855},"StdDev":{"confidence_interval":{"confidence_level":0.95,"lower_bound":0.051359067459364686,"upper_bound":0.08922890446938002},"point_estimate":0.07209573846215545,"standard_error":0.00966863395087053}}