{"Mean":{"confidence_interval":{"confidence_level":0.95,"lower_bound":1.3738479171626303,"upper_bound":1.3752026372939123},"point_estimate":1.3744991649915392,"standard_error":0.00034615002412132547},"Median":{"confidence_interval":{"confidence_level":0.95,"lower_bound":1.373366996257631,"upper_bound":1.3744903615824149},"point_estimate":1.3741235140766825,"standard_error":0.00031579223001026524},"MedianAbsDev":{"confidence_interval":{"confidence_level":0.95,"lower_bound":0.0014979982847008054,"upper_bound":0.002809763911509885},"point_estimate":0.0021771531898727068,"standard_error":0.00034933311038414297},"Slope":{"confidence_interval":{"confidence_level":0.95,"lower_bound":1.373791793610952,"upper_bound":1.3747447710685432},"point_estimate":1.374269580860772,"standard_error":0.0002441296504212167},"StdDev":{"confidence_interval":{"confidence_level":0.95,"lower_bound":0.0025394381589991795,"upper_bound":0.004309074019030781},"point_estimate":0.0034714738198169236,"standard_error":0.00045251923040886936}}