{"Mean":{"confidence_interval":{"confidence_level":0.95,"lower_bound":2.7023294289114355,"upper_bound":2.7093883719231364},"point_estimate":2.705674900886203,"standard_error":0.0018041321521989398},"Median":{"confidence_interval":{"confidence_level":0.95,"lower_bound":2.697852478476161,"upper_bound":2.702540405385715},"point_estimate":2.7002284853774516,"standard_error":0.0013904240100501024},"MedianAbsDev":{"confidence_interval":{"confidence_level":0.95,"lower_bound":0.0066819209207125575,"upper_bound":0.01157989104857562},"point_estimate":0.00895727748593356,"standard_error":0.0012877461181041174},"Slope":{"confidence_interval":{"confidence_level":0.95,"lower_bound":2.6999822258299893,"upper_bound":2.706225830562213},"point_estimate":2.7029177862191314,"standard_error":0.0016019490812938545},"StdDev":{"confidence_interval":{"confidence_level":0.95,"lower_bound":0.01330191391038349,"upper_bound":0.022209767965041233},"point_estimate":0.01810562816755586,"standard_error":0.002274345114332675}}