{"Mean":{"confidence_interval":{"confidence_level":0.95,"lower_bound":4.408621810611924,"upper_bound":4.422451086652158},"point_estimate":4.414951368869032,"standard_error":0.0035425511245516907},"Median":{"confidence_interval":{"confidence_level":0.95,"lower_bound":4.400848626360263,"upper_bound":4.407336526886036},"point_estimate":4.403548562525686,"standard_error":0.0015429481392827285},"MedianAbsDev":{"confidence_interval":{"confidence_level":0.95,"lower_bound":0.007919003491690156,"upper_bound":0.014393761476730476},"point_estimate":0.010368273068110808,"standard_error":0.0016060529805690565},"Slope":{"confidence_interval":{"confidence_level":0.95,"lower_bound":4.404025804962072,"upper_bound":4.410173662499532},"point_estimate":4.4068900493005625,"standard_error":0.001574017710623546},"StdDev":{"confidence_interval":{"confidence_level":0.95,"lower_bound":0.02060601687366099,"upper_bound":0.048554527031331625},"point_estimate":0.03559358354734268,"standard_error":0.0071880740113508595}}