{"Mean":{"confidence_interval":{"confidence_level":0.95,"lower_bound":1.7275297135739929,"upper_bound":1.7358362074707607},"point_estimate":1.7314178510236453,"standard_error":0.002129966071060757},"Median":{"confidence_interval":{"confidence_level":0.95,"lower_bound":1.7215235426046025,"upper_bound":1.7307699946251325},"point_estimate":1.7260177069129357,"standard_error":0.002062147592742132},"MedianAbsDev":{"confidence_interval":{"confidence_level":0.95,"lower_bound":0.011075152382986972,"upper_bound":0.019602493850918837},"point_estimate":0.015360331036013492,"standard_error":0.002154083678200976},"Slope":{"confidence_interval":{"confidence_level":0.95,"lower_bound":1.7249589388484539,"upper_bound":1.7296145759925912},"point_estimate":1.727257267821494,"standard_error":0.0011926708958593791},"StdDev":{"confidence_interval":{"confidence_level":0.95,"lower_bound":0.014920403522969713,"upper_bound":0.02827984556293662},"point_estimate":0.021328186043199842,"standard_error":0.0035725848575034664}}