{"Mean":{"confidence_interval":{"confidence_level":0.95,"lower_bound":3.3511992390919816,"upper_bound":3.3615297335527594},"point_estimate":3.355984399607241,"standard_error":0.002641885641755923},"Median":{"confidence_interval":{"confidence_level":0.95,"lower_bound":3.344409870737561,"upper_bound":3.3478515777237807},"point_estimate":3.3458154773704143,"standard_error":0.0009507714014333751},"MedianAbsDev":{"confidence_interval":{"confidence_level":0.95,"lower_bound":0.0033223217026638447,"upper_bound":0.007590849696476538},"point_estimate":0.005053682115760147,"standard_error":0.0011470505798214085},"Slope":{"confidence_interval":{"confidence_level":0.95,"lower_bound":3.3495778612525826,"upper_bound":3.3594980768494946},"point_estimate":3.354107825449319,"standard_error":0.002540019892255249},"StdDev":{"confidence_interval":{"confidence_level":0.95,"lower_bound":0.017265111243783226,"upper_bound":0.0341065640970499},"point_estimate":0.026512009495758257,"standard_error":0.004297298065102576}}