{"Mean":{"confidence_interval":{"confidence_level":0.95,"lower_bound":3.5822196729090097,"upper_bound":3.6423662487604545},"point_estimate":3.6116524239589713,"standard_error":0.01531665586552829},"Median":{"confidence_interval":{"confidence_level":0.95,"lower_bound":3.565324535164698,"upper_bound":3.631691594780056},"point_estimate":3.6047334855491,"standard_error":0.017150957208150196},"MedianAbsDev":{"confidence_interval":{"confidence_level":0.95,"lower_bound":0.10155033146213971,"upper_bound":0.16856744620001485},"point_estimate":0.12943127751367045,"standard_error":0.01653219312063997},"Slope":{"confidence_interval":{"confidence_level":0.95,"lower_bound":3.601597117356707,"upper_bound":3.662556845944949},"point_estimate":3.6324032980567615,"standard_error":0.015543170189765466},"StdDev":{"confidence_interval":{"confidence_level":0.95,"lower_bound":0.1253109184758324,"upper_bound":0.17934277403399115},"point_estimate":0.15366297939422732,"standard_error":0.013851801002364963}}