{"Mean":{"confidence_interval":{"confidence_level":0.95,"lower_bound":1.3890055025198336,"upper_bound":1.3919141044224557},"point_estimate":1.3902962660242393,"standard_error":0.0007519649226085611},"Median":{"confidence_interval":{"confidence_level":0.95,"lower_bound":1.3877645251228365,"upper_bound":1.3889600247839793},"point_estimate":1.3883387514080616,"standard_error":0.00030089825792931996},"MedianAbsDev":{"confidence_interval":{"confidence_level":0.95,"lower_bound":0.0014170073585910799,"upper_bound":0.0025345398520958437},"point_estimate":0.0019158416776052262,"standard_error":0.0002758058182686525},"Slope":{"confidence_interval":{"confidence_level":0.95,"lower_bound":1.3885560802129429,"upper_bound":1.3942008996648874},"point_estimate":1.390817891133508,"standard_error":0.0014996171326722265},"StdDev":{"confidence_interval":{"confidence_level":0.95,"lower_bound":0.003651586783700667,"upper_bound":0.011091117280480867},"point_estimate":0.007549859318383428,"standard_error":0.0019712670000571067}}