{"Mean":{"confidence_interval":{"confidence_level":0.95,"lower_bound":2.5838041699333942,"upper_bound":2.5878532399972283},"point_estimate":2.585639251464189,"standard_error":0.001034760765715906},"Median":{"confidence_interval":{"confidence_level":0.95,"lower_bound":2.581409058029903,"upper_bound":2.583052330861828},"point_estimate":2.5820603182983035,"standard_error":0.00041807828103111},"MedianAbsDev":{"confidence_interval":{"confidence_level":0.95,"lower_bound":0.0022294568255220117,"upper_bound":0.004957277488331428},"point_estimate":0.00360509314889382,"standard_error":0.000682677880579865},"Slope":{"confidence_interval":{"confidence_level":0.95,"lower_bound":2.5822146753698663,"upper_bound":2.584049655145568},"point_estimate":2.5831088964416367,"standard_error":0.0004689329658699232},"StdDev":{"confidence_interval":{"confidence_level":0.95,"lower_bound":0.0058943940311201775,"upper_bound":0.014885093712561182},"point_estimate":0.010385447686105883,"standard_error":0.0024232819126373257}}