{"Mean":{"confidence_interval":{"confidence_level":0.95,"lower_bound":-0.017409087458010994,"upper_bound":0.00037615669529715974},"point_estimate":-0.008736267349112703,"standard_error":0.004503408639923728},"Median":{"confidence_interval":{"confidence_level":0.95,"lower_bound":-0.021468826375374728,"upper_bound":-0.005106543212773029},"point_estimate":-0.011949448223216308,"standard_error":0.00394316610366593}}