{"Mean":{"confidence_interval":{"confidence_level":0.95,"lower_bound":1.7391112681369725,"upper_bound":1.7449640862562987},"point_estimate":1.7419913760273322,"standard_error":0.0014907778552323274},"Median":{"confidence_interval":{"confidence_level":0.95,"lower_bound":1.7380250239930022,"upper_bound":1.7428012139927898},"point_estimate":1.7408866403716763,"standard_error":0.0013708380608582192},"MedianAbsDev":{"confidence_interval":{"confidence_level":0.95,"lower_bound":0.009569667074330622,"upper_bound":0.015882437460597674},"point_estimate":0.013524745185373612,"standard_error":0.001680928064465344},"Slope":{"confidence_interval":{"confidence_level":0.95,"lower_bound":1.7405856906414625,"upper_bound":1.7446005924104004},"point_estimate":1.7425975034808767,"standard_error":0.0010213731365597335},"StdDev":{"confidence_interval":{"confidence_level":0.95,"lower_bound":0.012058129616901917,"upper_bound":0.017867963671433743},"point_estimate":0.015015653710365125,"standard_error":0.0014932196117423855}}