{"Mean":{"confidence_interval":{"confidence_level":0.95,"lower_bound":3.3555019581073178,"upper_bound":3.3688267545473995},"point_estimate":3.3616031686019396,"standard_error":0.0034222553949552997},"Median":{"confidence_interval":{"confidence_level":0.95,"lower_bound":3.3467290936941794,"upper_bound":3.3520534559572046},"point_estimate":3.3494476769668484,"standard_error":0.0013014389912786647},"MedianAbsDev":{"confidence_interval":{"confidence_level":0.95,"lower_bound":0.0057156721920000484,"upper_bound":0.012286639114695444},"point_estimate":0.008922301310807844,"standard_error":0.0016620112483869865},"Slope":{"confidence_interval":{"confidence_level":0.95,"lower_bound":3.351478652096146,"upper_bound":3.3615387534687624},"point_estimate":3.355924757537796,"standard_error":0.002589482977117069},"StdDev":{"confidence_interval":{"confidence_level":0.95,"lower_bound":0.020845335472625313,"upper_bound":0.04675413302611347},"point_estimate":0.03460045489628588,"standard_error":0.006664021153659017}}