{"Mean":{"confidence_interval":{"confidence_level":0.95,"lower_bound":1.8058519326646236,"upper_bound":1.8129817935735415},"point_estimate":1.8089038515252254,"standard_error":0.0018374189439722612},"Median":{"confidence_interval":{"confidence_level":0.95,"lower_bound":1.8019461953576648,"upper_bound":1.804015072029849},"point_estimate":1.8028222036531591,"standard_error":0.0005125638177370656},"MedianAbsDev":{"confidence_interval":{"confidence_level":0.95,"lower_bound":0.0024944218929909374,"upper_bound":0.0054867833990843275},"point_estimate":0.0036352985968460512,"standard_error":0.0007427629070650406},"Slope":{"confidence_interval":{"confidence_level":0.95,"lower_bound":1.8039324835514186,"upper_bound":1.8075784334287324},"point_estimate":1.8056462940264386,"standard_error":0.0009342332543235846},"StdDev":{"confidence_interval":{"confidence_level":0.95,"lower_bound":0.00850810243939987,"upper_bound":0.028242736662179618},"point_estimate":0.018416141583658438,"standard_error":0.0059562728474093505}}