{"Mean":{"confidence_interval":{"confidence_level":0.95,"lower_bound":3.7307595602932726,"upper_bound":3.78017822673163},"point_estimate":3.754467163754792,"standard_error":0.012586524881397826},"Median":{"confidence_interval":{"confidence_level":0.95,"lower_bound":3.710697758833263,"upper_bound":3.753614326165249},"point_estimate":3.7361259109378517,"standard_error":0.010750884181271745},"MedianAbsDev":{"confidence_interval":{"confidence_level":0.95,"lower_bound":0.06919459358568893,"upper_bound":0.11793209084244892},"point_estimate":0.09490291096954503,"standard_error":0.012401021029581193},"Slope":{"confidence_interval":{"confidence_level":0.95,"lower_bound":3.7280831599711917,"upper_bound":3.7943620929669435},"point_estimate":3.7591940074648154,"standard_error":0.016924239356659695},"StdDev":{"confidence_interval":{"confidence_level":0.95,"lower_bound":0.09399558365316374,"upper_bound":0.1559154162318019},"point_estimate":0.12637845186786392,"standard_error":0.015887259458759267}}