{"Mean":{"confidence_interval":{"confidence_level":0.95,"lower_bound":1.3836327067238874,"upper_bound":1.3852133175930905},"point_estimate":1.3843689433919524,"standard_error":0.00040429194528559924},"Median":{"confidence_interval":{"confidence_level":0.95,"lower_bound":1.382975775286789,"upper_bound":1.383495421287718},"point_estimate":1.3832951826820015,"standard_error":0.00014048730248230023},"MedianAbsDev":{"confidence_interval":{"confidence_level":0.95,"lower_bound":0.0008625085054376034,"upper_bound":0.0016621213170567863},"point_estimate":0.0013578427854686126,"standard_error":0.0002091812852610131},"Slope":{"confidence_interval":{"confidence_level":0.95,"lower_bound":1.3826459694036544,"upper_bound":1.383538158250543},"point_estimate":1.383063291757765,"standard_error":0.00022892245733494845},"StdDev":{"confidence_interval":{"confidence_level":0.95,"lower_bound":0.0025277934609262906,"upper_bound":0.00535179129806029},"point_estimate":0.00404988868255549,"standard_error":0.0007202402495385121}}