{"Mean":{"confidence_interval":{"confidence_level":0.95,"lower_bound":5.84692736709327,"upper_bound":5.893278743629858},"point_estimate":5.86990437170906,"standard_error":0.011800762430678619},"Median":{"confidence_interval":{"confidence_level":0.95,"lower_bound":5.8353981323809805,"upper_bound":5.883918598007061},"point_estimate":5.85353702898009,"standard_error":0.01334838756416312},"MedianAbsDev":{"confidence_interval":{"confidence_level":0.95,"lower_bound":0.06378404670198089,"upper_bound":0.11786904437174886},"point_estimate":0.08790520963361396,"standard_error":0.013806732496978509},"Slope":{"confidence_interval":{"confidence_level":0.95,"lower_bound":5.833062760468802,"upper_bound":5.8701690900102355},"point_estimate":5.850973617444781,"standard_error":0.00947930090584895},"StdDev":{"confidence_interval":{"confidence_level":0.95,"lower_bound":0.09551184706421016,"upper_bound":0.14232844231696407},"point_estimate":0.1187675746193621,"standard_error":0.012031209059833006}}