{"Mean":{"confidence_interval":{"confidence_level":0.95,"lower_bound":1.6095154038197563,"upper_bound":1.6218307002732515},"point_estimate":1.6149344168172224,"standard_error":0.0031592253298603733},"Median":{"confidence_interval":{"confidence_level":0.95,"lower_bound":1.604595653130082,"upper_bound":1.6072860194903091},"point_estimate":1.6058585061006947,"standard_error":0.0006739661652581179},"MedianAbsDev":{"confidence_interval":{"confidence_level":0.95,"lower_bound":0.003302952243963048,"upper_bound":0.006730484560742425},"point_estimate":0.004670829229906978,"standard_error":0.0008693776332014407},"Slope":{"confidence_interval":{"confidence_level":0.95,"lower_bound":1.6089477614778418,"upper_bound":1.6260123731909137},"point_estimate":1.6162340414467997,"standard_error":0.004428443129312741},"StdDev":{"confidence_interval":{"confidence_level":0.95,"lower_bound":0.014463692407154088,"upper_bound":0.04676311073585655},"point_estimate":0.031664860671243154,"standard_error":0.008444057285133224}}