{"Mean":{"confidence_interval":{"confidence_level":0.95,"lower_bound":2.822644193016578,"upper_bound":2.833539818396879},"point_estimate":2.8279533399321766,"standard_error":0.0027794268275720124},"Median":{"confidence_interval":{"confidence_level":0.95,"lower_bound":2.8167932691220585,"upper_bound":2.829990152989554},"point_estimate":2.821791802739023,"standard_error":0.0036256526400270904},"MedianAbsDev":{"confidence_interval":{"confidence_level":0.95,"lower_bound":0.01792946311890217,"upper_bound":0.029215364100412172},"point_estimate":0.023095804588474603,"standard_error":0.002976358585518114},"Slope":{"confidence_interval":{"confidence_level":0.95,"lower_bound":2.8129754916452616,"upper_bound":2.8211630182668683},"point_estimate":2.817039083910609,"standard_error":0.0020838531240445868},"StdDev":{"confidence_interval":{"confidence_level":0.95,"lower_bound":0.023181748459420268,"upper_bound":0.03239279006651393},"point_estimate":0.0280580911827213,"standard_error":0.0023564080067077944}}