{"Mean":{"confidence_interval":{"confidence_level":0.95,"lower_bound":1.3611078351705477,"upper_bound":1.3775776308634338},"point_estimate":1.3686778668090454,"standard_error":0.00421776351876866},"Median":{"confidence_interval":{"confidence_level":0.95,"lower_bound":1.3750169681890618,"upper_bound":1.3821549579581345},"point_estimate":1.3781593211689507,"standard_error":0.002040825460137317},"MedianAbsDev":{"confidence_interval":{"confidence_level":0.95,"lower_bound":0.009204696600324198,"upper_bound":0.03014632079487306},"point_estimate":0.015156948879089258,"standard_error":0.005803865316987499},"Slope":{"confidence_interval":{"confidence_level":0.95,"lower_bound":1.3694807068383557,"upper_bound":1.3804327544552313},"point_estimate":1.375412759643506,"standard_error":0.0027866827937874355},"StdDev":{"confidence_interval":{"confidence_level":0.95,"lower_bound":0.026935127459428884,"upper_bound":0.06111048422494618},"point_estimate":0.04235613093460571,"standard_error":0.01044854163991362}}