{"Mean":{"confidence_interval":{"confidence_level":0.95,"lower_bound":2.8998270586809034,"upper_bound":2.907164534356014},"point_estimate":2.903213849714387,"standard_error":0.0018805787284917304},"Median":{"confidence_interval":{"confidence_level":0.95,"lower_bound":2.8943912536976923,"upper_bound":2.898814685458268},"point_estimate":2.896473978723128,"standard_error":0.0011321607616582548},"MedianAbsDev":{"confidence_interval":{"confidence_level":0.95,"lower_bound":0.004312243134961745,"upper_bound":0.009775445504789839},"point_estimate":0.006376222363379791,"standard_error":0.0013295853898288338},"Slope":{"confidence_interval":{"confidence_level":0.95,"lower_bound":2.8986694919123996,"upper_bound":2.904471204945851},"point_estimate":2.9014344073039187,"standard_error":0.0014847219505022538},"StdDev":{"confidence_interval":{"confidence_level":0.95,"lower_bound":0.011474015117323754,"upper_bound":0.025558829950194956},"point_estimate":0.018922905065583927,"standard_error":0.0036355354751845077}}