{"Mean":{"confidence_interval":{"confidence_level":0.95,"lower_bound":2.8395624998175495,"upper_bound":2.8487391476683133},"point_estimate":2.8438176178748247,"standard_error":0.0023368038086636783},"Median":{"confidence_interval":{"confidence_level":0.95,"lower_bound":2.8328511850891527,"upper_bound":2.83913594903213},"point_estimate":2.834043980236517,"standard_error":0.0015446800028254184},"MedianAbsDev":{"confidence_interval":{"confidence_level":0.95,"lower_bound":0.005608161098248471,"upper_bound":0.012676244244205874},"point_estimate":0.0076974245245653794,"standard_error":0.001849151545767123},"Slope":{"confidence_interval":{"confidence_level":0.95,"lower_bound":2.8362227854086566,"upper_bound":2.8422870197710304},"point_estimate":2.8390301723574147,"standard_error":0.001553731886611283},"StdDev":{"confidence_interval":{"confidence_level":0.95,"lower_bound":0.015317514631938825,"upper_bound":0.031078122666864504},"point_estimate":0.023567843860865512,"standard_error":0.004062129534829176}}