{"Mean":{"confidence_interval":{"confidence_level":0.95,"lower_bound":3.6112539743498355,"upper_bound":3.627017298814857},"point_estimate":3.6182645835806557,"standard_error":0.00405823000376547},"Median":{"confidence_interval":{"confidence_level":0.95,"lower_bound":3.6033987157312923,"upper_bound":3.6077672287022526},"point_estimate":3.6048895096439093,"standard_error":0.0011618183480451459},"MedianAbsDev":{"confidence_interval":{"confidence_level":0.95,"lower_bound":0.005483794987819591,"upper_bound":0.010401670373406299},"point_estimate":0.007465403615538656,"standard_error":0.0012069086522060706},"Slope":{"confidence_interval":{"confidence_level":0.95,"lower_bound":3.6104181022764026,"upper_bound":3.6213276973037742},"point_estimate":3.6155703067911773,"standard_error":0.0027891419017464798},"StdDev":{"confidence_interval":{"confidence_level":0.95,"lower_bound":0.019396314736804948,"upper_bound":0.05954439267048011},"point_estimate":0.04091138053178898,"standard_error":0.010507732376171534}}