{"Mean":{"confidence_interval":{"confidence_level":0.95,"lower_bound":3.9051457835193393,"upper_bound":4.020184367482329},"point_estimate":3.95314225489669,"standard_error":0.029863576240682213},"Median":{"confidence_interval":{"confidence_level":0.95,"lower_bound":3.8821940405804707,"upper_bound":3.8937106130122103},"point_estimate":3.88712364114465,"standard_error":0.0029747902855799405},"MedianAbsDev":{"confidence_interval":{"confidence_level":0.95,"lower_bound":0.011442056583850214,"upper_bound":0.02509667683993776},"point_estimate":0.01753061742980983,"standard_error":0.003714706836550014},"Slope":{"confidence_interval":{"confidence_level":0.95,"lower_bound":3.900838407349301,"upper_bound":3.939710040169537},"point_estimate":3.9175118101929542,"standard_error":0.010010898298429896},"StdDev":{"confidence_interval":{"confidence_level":0.95,"lower_bound":0.08199365839801621,"upper_bound":0.47732597499994894},"point_estimate":0.3008792080030688,"standard_error":0.10964508085159282}}