{"Mean":{"confidence_interval":{"confidence_level":0.95,"lower_bound":2.586153322905419,"upper_bound":2.5892792609335316},"point_estimate":2.587599942007665,"standard_error":0.0008001223865998377},"Median":{"confidence_interval":{"confidence_level":0.95,"lower_bound":2.5846163807937472,"upper_bound":2.585966164174133},"point_estimate":2.5853482887894677,"standard_error":0.0003527424187415075},"MedianAbsDev":{"confidence_interval":{"confidence_level":0.95,"lower_bound":0.0017423312750858815,"upper_bound":0.002980614445552492},"point_estimate":0.0022479391335454477,"standard_error":0.0003134740681655848},"Slope":{"confidence_interval":{"confidence_level":0.95,"lower_bound":2.5850999451322303,"upper_bound":2.5862722459907994},"point_estimate":2.585657467553215,"standard_error":0.00029958952336053217},"StdDev":{"confidence_interval":{"confidence_level":0.95,"lower_bound":0.005079939778609907,"upper_bound":0.010553984186565907},"point_estimate":0.008055153429566158,"standard_error":0.0014003385488227627}}