{"Mean":{"confidence_interval":{"confidence_level":0.95,"lower_bound":7.392637943730737,"upper_bound":7.720102306337275},"point_estimate":7.548944707613901,"standard_error":0.08380288256280717},"Median":{"confidence_interval":{"confidence_level":0.95,"lower_bound":7.07643792216526,"upper_bound":7.302548896419252},"point_estimate":7.160086545403841,"standard_error":0.07200097490082744},"MedianAbsDev":{"confidence_interval":{"confidence_level":0.95,"lower_bound":0.16845125161074284,"upper_bound":0.46658092172466814},"point_estimate":0.2800384194577979,"standard_error":0.08826938906866416},"Slope":{"confidence_interval":{"confidence_level":0.95,"lower_bound":7.44452357775037,"upper_bound":7.9269240969948465},"point_estimate":7.678541754852523,"standard_error":0.12327530597719961},"StdDev":{"confidence_interval":{"confidence_level":0.95,"lower_bound":0.6623150203845877,"upper_bound":0.9921391210729752},"point_estimate":0.8423737235588589,"standard_error":0.08429104430814861}}