{"Mean":{"confidence_interval":{"confidence_level":0.95,"lower_bound":1.77505307650095,"upper_bound":1.7804901680106524},"point_estimate":1.777394676208,"standard_error":0.0014062740104547177},"Median":{"confidence_interval":{"confidence_level":0.95,"lower_bound":1.773770528922464,"upper_bound":1.7748843006320116},"point_estimate":1.7743868656181152,"standard_error":0.0002719766771519928},"MedianAbsDev":{"confidence_interval":{"confidence_level":0.95,"lower_bound":0.001871746990694724,"upper_bound":0.0035106877004126027},"point_estimate":0.0025817024427111247,"standard_error":0.00040365283460325364},"Slope":{"confidence_interval":{"confidence_level":0.95,"lower_bound":1.7738976389381682,"upper_bound":1.782239437792609},"point_estimate":1.7772314256021349,"standard_error":0.002197391270889952},"StdDev":{"confidence_interval":{"confidence_level":0.95,"lower_bound":0.00464713589047592,"upper_bound":0.021351766885054278},"point_estimate":0.014081877778373839,"standard_error":0.004468316586425494}}