{"Mean":{"confidence_interval":{"confidence_level":0.95,"lower_bound":3.099516716372601,"upper_bound":3.117529097332107},"point_estimate":3.1074922722811613,"standard_error":0.0046479086114963545},"Median":{"confidence_interval":{"confidence_level":0.95,"lower_bound":3.0900020956587078,"upper_bound":3.0957789818064603},"point_estimate":3.0918450582956334,"standard_error":0.001609058471047477},"MedianAbsDev":{"confidence_interval":{"confidence_level":0.95,"lower_bound":0.003463595820959532,"upper_bound":0.011528155741635153},"point_estimate":0.006074367379658754,"standard_error":0.0021462619188907226},"Slope":{"confidence_interval":{"confidence_level":0.95,"lower_bound":3.095976603173399,"upper_bound":3.104582255817207},"point_estimate":3.099957382083686,"standard_error":0.00219264991849383},"StdDev":{"confidence_interval":{"confidence_level":0.95,"lower_bound":0.0207427081783401,"upper_bound":0.06926522997772844},"point_estimate":0.046718152846005445,"standard_error":0.012785493748675705}}