{"Mean":{"confidence_interval":{"confidence_level":0.95,"lower_bound":5.891994772681365,"upper_bound":5.9750697113449664},"point_estimate":5.933319124847303,"standard_error":0.021179052858133603},"Median":{"confidence_interval":{"confidence_level":0.95,"lower_bound":5.882482019854133,"upper_bound":5.989781596593256},"point_estimate":5.9357414457635524,"standard_error":0.02704504951794585},"MedianAbsDev":{"confidence_interval":{"confidence_level":0.95,"lower_bound":0.16638780290535873,"upper_bound":0.26312289354718144},"point_estimate":0.21493915043670925,"standard_error":0.02508084325258572},"Slope":{"confidence_interval":{"confidence_level":0.95,"lower_bound":5.922353392480639,"upper_bound":6.011389946584505},"point_estimate":5.966195485033382,"standard_error":0.022737949943504452},"StdDev":{"confidence_interval":{"confidence_level":0.95,"lower_bound":0.1810095567680136,"upper_bound":0.24235886939055754},"point_estimate":0.21278752935041312,"standard_error":0.015695399670385666}}