{"Mean":{"confidence_interval":{"confidence_level":0.95,"lower_bound":1.33170666378167,"upper_bound":1.3417968312138953},"point_estimate":1.3364826219957686,"standard_error":0.0025801574392606145},"Median":{"confidence_interval":{"confidence_level":0.95,"lower_bound":1.3258643710533788,"upper_bound":1.3277546284476527},"point_estimate":1.3264729663913402,"standard_error":0.0005265700786125627},"MedianAbsDev":{"confidence_interval":{"confidence_level":0.95,"lower_bound":0.003683959826020957,"upper_bound":0.009325446428241414},"point_estimate":0.006222506587114225,"standard_error":0.0015793862926466874},"Slope":{"confidence_interval":{"confidence_level":0.95,"lower_bound":1.330053494656136,"upper_bound":1.344298373155939},"point_estimate":1.3365689606352555,"standard_error":0.003646991324503914},"StdDev":{"confidence_interval":{"confidence_level":0.95,"lower_bound":0.01920451197186443,"upper_bound":0.03226451079635079},"point_estimate":0.026000249671712553,"standard_error":0.0033556653517173543}}