{"Mean":{"confidence_interval":{"confidence_level":0.95,"lower_bound":-0.0044727540612647665,"upper_bound":0.002753113765853841},"point_estimate":-0.0007820645164831053,"standard_error":0.0018381188196573322},"Median":{"confidence_interval":{"confidence_level":0.95,"lower_bound":-0.001297647524578055,"upper_bound":0.00033820233854076065},"point_estimate":-0.0004308056549712225,"standard_error":0.0004097730145143129}}