{"Mean":{"confidence_interval":{"confidence_level":0.95,"lower_bound":4.096609942629954,"upper_bound":4.14705331173867},"point_estimate":4.120765704829053,"standard_error":0.012881011163361652},"Median":{"confidence_interval":{"confidence_level":0.95,"lower_bound":4.097021586411482,"upper_bound":4.136882850891937},"point_estimate":4.11327297865601,"standard_error":0.010124292034446552},"MedianAbsDev":{"confidence_interval":{"confidence_level":0.95,"lower_bound":0.06052598665485512,"upper_bound":0.10639521948642824},"point_estimate":0.08660916597211642,"standard_error":0.011514676650586603},"Slope":{"confidence_interval":{"confidence_level":0.95,"lower_bound":4.11869583482936,"upper_bound":4.182450999296728},"point_estimate":4.147530660532521,"standard_error":0.016346386854395652},"StdDev":{"confidence_interval":{"confidence_level":0.95,"lower_bound":0.093214272386456,"upper_bound":0.16514612797716793},"point_estimate":0.1291330960079786,"standard_error":0.01875165516330207}}