{"Mean":{"confidence_interval":{"confidence_level":0.95,"lower_bound":3.141039077153657,"upper_bound":3.182756262994932},"point_estimate":3.1609830291673684,"standard_error":0.010625121344612964},"Median":{"confidence_interval":{"confidence_level":0.95,"lower_bound":3.116851019931347,"upper_bound":3.1468840005453584},"point_estimate":3.13099871912513,"standard_error":0.0074109186464906066},"MedianAbsDev":{"confidence_interval":{"confidence_level":0.95,"lower_bound":0.04239238034365217,"upper_bound":0.07681378804613533},"point_estimate":0.060458053176966335,"standard_error":0.008794708949848492},"Slope":{"confidence_interval":{"confidence_level":0.95,"lower_bound":3.138557127052871,"upper_bound":3.180879990694403},"point_estimate":3.1580892260308473,"standard_error":0.010804651777444831},"StdDev":{"confidence_interval":{"confidence_level":0.95,"lower_bound":0.08001711928439427,"upper_bound":0.12954137680116015},"point_estimate":0.10636157390324527,"standard_error":0.012658033372236192}}