{"Mean":{"confidence_interval":{"confidence_level":0.95,"lower_bound":2.1664788635222316,"upper_bound":2.1773853878304417},"point_estimate":2.1719369347338464,"standard_error":0.002772543535399251},"Median":{"confidence_interval":{"confidence_level":0.95,"lower_bound":2.1678894734763547,"upper_bound":2.1757442539801213},"point_estimate":2.173360146290589,"standard_error":0.0020430210910861316},"MedianAbsDev":{"confidence_interval":{"confidence_level":0.95,"lower_bound":0.012252571226485447,"upper_bound":0.022628258032379875},"point_estimate":0.017624029906971986,"standard_error":0.0026017394132508333},"Slope":{"confidence_interval":{"confidence_level":0.95,"lower_bound":2.172489538961429,"upper_bound":2.1809915544874836},"point_estimate":2.176504768423843,"standard_error":0.002165734299890147},"StdDev":{"confidence_interval":{"confidence_level":0.95,"lower_bound":0.020028266724450752,"upper_bound":0.035221947497244895},"point_estimate":0.02789245519631874,"standard_error":0.003898930176052173}}