{"Mean":{"confidence_interval":{"confidence_level":0.95,"lower_bound":2.2818028634758196,"upper_bound":2.286280856534215},"point_estimate":2.283954185310794,"standard_error":0.0011431550907509541},"Median":{"confidence_interval":{"confidence_level":0.95,"lower_bound":2.2780613448125933,"upper_bound":2.281786617622859},"point_estimate":2.2794381094282103,"standard_error":0.0010559590848625872},"MedianAbsDev":{"confidence_interval":{"confidence_level":0.95,"lower_bound":0.004950764719587662,"upper_bound":0.00956179670336805},"point_estimate":0.007122929784096358,"standard_error":0.0012341325995743134},"Slope":{"confidence_interval":{"confidence_level":0.95,"lower_bound":2.2782950160583626,"upper_bound":2.2811875421665677},"point_estimate":2.2795972950519023,"standard_error":0.000736763452118585},"StdDev":{"confidence_interval":{"confidence_level":0.95,"lower_bound":0.009081935756876266,"upper_bound":0.013709567020365755},"point_estimate":0.011464643059024232,"standard_error":0.001185306120061737}}