{"Mean":{"confidence_interval":{"confidence_level":0.95,"lower_bound":3.991942477381055,"upper_bound":4.029286381477808},"point_estimate":4.010404946997209,"standard_error":0.009534822781503261},"Median":{"confidence_interval":{"confidence_level":0.95,"lower_bound":3.982894844216752,"upper_bound":4.02805427021942},"point_estimate":4.001712967243694,"standard_error":0.010661418321060856},"MedianAbsDev":{"confidence_interval":{"confidence_level":0.95,"lower_bound":0.07102504925566652,"upper_bound":0.12147499570198596},"point_estimate":0.09644925436206167,"standard_error":0.012895148331008327},"Slope":{"confidence_interval":{"confidence_level":0.95,"lower_bound":3.9788509132134116,"upper_bound":4.0146055644386065},"point_estimate":3.9962199065434647,"standard_error":0.00911828091940666},"StdDev":{"confidence_interval":{"confidence_level":0.95,"lower_bound":0.08063970155097663,"upper_bound":0.11045832719029489},"point_estimate":0.09557505575371232,"standard_error":0.00767570333335229}}