{"Mean":{"confidence_interval":{"confidence_level":0.95,"lower_bound":3.869013901240572,"upper_bound":3.8835326736721987},"point_estimate":3.875474128449875,"standard_error":0.0037213602984846727},"Median":{"confidence_interval":{"confidence_level":0.95,"lower_bound":3.8608671717115497,"upper_bound":3.8650327759585985},"point_estimate":3.8627519969668045,"standard_error":0.0010522979594646455},"MedianAbsDev":{"confidence_interval":{"confidence_level":0.95,"lower_bound":0.004519995077166052,"upper_bound":0.01031898184246868},"point_estimate":0.00708157087800088,"standard_error":0.0014023525526195135},"Slope":{"confidence_interval":{"confidence_level":0.95,"lower_bound":3.866823063795479,"upper_bound":3.8769807820603472},"point_estimate":3.8715171813812814,"standard_error":0.0026019119716290933},"StdDev":{"confidence_interval":{"confidence_level":0.95,"lower_bound":0.017928863194597713,"upper_bound":0.05285047796020135},"point_estimate":0.037215589959583836,"standard_error":0.009034757776015406}}