{"Mean":{"confidence_interval":{"confidence_level":0.95,"lower_bound":2.450931858273509,"upper_bound":2.4589260817297482},"point_estimate":2.454613197614938,"standard_error":0.002045913301452969},"Median":{"confidence_interval":{"confidence_level":0.95,"lower_bound":2.4450305131233727,"upper_bound":2.4485915122139668},"point_estimate":2.4468912175159687,"standard_error":0.0009204759696437325},"MedianAbsDev":{"confidence_interval":{"confidence_level":0.95,"lower_bound":0.003648612914435527,"upper_bound":0.008160675875063096},"point_estimate":0.005514653246337631,"standard_error":0.0011771188504632107},"Slope":{"confidence_interval":{"confidence_level":0.95,"lower_bound":2.4497978349605782,"upper_bound":2.4577292957190298},"point_estimate":2.4533069564100103,"standard_error":0.002039172009162186},"StdDev":{"confidence_interval":{"confidence_level":0.95,"lower_bound":0.013094010384992937,"upper_bound":0.027337961705589758},"point_estimate":0.020566737197160442,"standard_error":0.0036565808441226897}}