{"Mean":{"confidence_interval":{"confidence_level":0.95,"lower_bound":4.74466279051753,"upper_bound":4.784819168021551},"point_estimate":4.764089027029101,"standard_error":0.010239904758712995},"Median":{"confidence_interval":{"confidence_level":0.95,"lower_bound":4.733662756664177,"upper_bound":4.776957255568681},"point_estimate":4.760906595984363,"standard_error":0.010276266011023487},"MedianAbsDev":{"confidence_interval":{"confidence_level":0.95,"lower_bound":0.07481074574635671,"upper_bound":0.12535683592675506},"point_estimate":0.09803106497968665,"standard_error":0.01224349698172372},"Slope":{"confidence_interval":{"confidence_level":0.95,"lower_bound":4.730352560249491,"upper_bound":4.7804065532526145},"point_estimate":4.753912194871908,"standard_error":0.012806215256889021},"StdDev":{"confidence_interval":{"confidence_level":0.95,"lower_bound":0.0818605285941832,"upper_bound":0.12192682459322496},"point_estimate":0.10253450650888783,"standard_error":0.010275276279844899}}