{"Mean":{"confidence_interval":{"confidence_level":0.95,"lower_bound":5.750641821796812,"upper_bound":5.7753605592506},"point_estimate":5.761645813935744,"standard_error":0.006380917455513353},"Median":{"confidence_interval":{"confidence_level":0.95,"lower_bound":5.742694439721653,"upper_bound":5.750554500278716},"point_estimate":5.746063800196781,"standard_error":0.0020643275642674196},"MedianAbsDev":{"confidence_interval":{"confidence_level":0.95,"lower_bound":0.013810724436657968,"upper_bound":0.025279453277594725},"point_estimate":0.018646236205515757,"standard_error":0.002935302020936586},"Slope":{"confidence_interval":{"confidence_level":0.95,"lower_bound":5.749629217764469,"upper_bound":5.78308246529528},"point_estimate":5.763383962131595,"standard_error":0.008822921646308136},"StdDev":{"confidence_interval":{"confidence_level":0.95,"lower_bound":0.029759621033984215,"upper_bound":0.09172767197387063},"point_estimate":0.06405784653121244,"standard_error":0.016259626239349352}}