{"Mean":{"confidence_interval":{"confidence_level":0.95,"lower_bound":3.8654794279056905,"upper_bound":3.883629875413157},"point_estimate":3.872957479730179,"standard_error":0.004727150142438263},"Median":{"confidence_interval":{"confidence_level":0.95,"lower_bound":3.859665353351386,"upper_bound":3.864538509846316},"point_estimate":3.8613355362690474,"standard_error":0.0011970281358248294},"MedianAbsDev":{"confidence_interval":{"confidence_level":0.95,"lower_bound":0.004539937291061302,"upper_bound":0.009659966043742392},"point_estimate":0.006857359251192311,"standard_error":0.0012596770653742805},"Slope":{"confidence_interval":{"confidence_level":0.95,"lower_bound":3.8656812262752136,"upper_bound":3.8820580928435917},"point_estimate":3.8723637533854443,"standard_error":0.004247845936364269},"StdDev":{"confidence_interval":{"confidence_level":0.95,"lower_bound":0.013583908392352344,"upper_bound":0.07570697744945652},"point_estimate":0.04745975250069593,"standard_error":0.017651520521364157}}