{"Mean":{"confidence_interval":{"confidence_level":0.95,"lower_bound":2.8539169237474953,"upper_bound":2.8589702959650296},"point_estimate":2.8564946729000678,"standard_error":0.00128544904138925},"Median":{"confidence_interval":{"confidence_level":0.95,"lower_bound":2.8540595856664845,"upper_bound":2.8570175810783764},"point_estimate":2.855003034739979,"standard_error":0.0007504386777478192},"MedianAbsDev":{"confidence_interval":{"confidence_level":0.95,"lower_bound":0.00465492726417462,"upper_bound":0.008445735639614123},"point_estimate":0.00609563764756511,"standard_error":0.0009582241634400061},"Slope":{"confidence_interval":{"confidence_level":0.95,"lower_bound":2.8541138679045805,"upper_bound":2.8564064214178515},"point_estimate":2.855196743482017,"standard_error":0.0005833594215357108},"StdDev":{"confidence_interval":{"confidence_level":0.95,"lower_bound":0.009633472218289658,"upper_bound":0.015836496175913532},"point_estimate":0.012901886887965728,"standard_error":0.0015844017073403439}}