{"Mean":{"confidence_interval":{"confidence_level":0.95,"lower_bound":-0.008754730478574484,"upper_bound":0.003932274213190109},"point_estimate":-0.0021366442750978543,"standard_error":0.0032480341411381176},"Median":{"confidence_interval":{"confidence_level":0.95,"lower_bound":-0.0056608432098983474,"upper_bound":0.0057574417572192615},"point_estimate":0.001404786558103721,"standard_error":0.002930031510089061}}