{"Mean":{"confidence_interval":{"confidence_level":0.95,"lower_bound":5.3347038844587065,"upper_bound":5.353859905302606},"point_estimate":5.344466291532346,"standard_error":0.004877149642565356},"Median":{"confidence_interval":{"confidence_level":0.95,"lower_bound":5.335015366008602,"upper_bound":5.3581787699441135},"point_estimate":5.349444963980648,"standard_error":0.0055214499847434555},"MedianAbsDev":{"confidence_interval":{"confidence_level":0.95,"lower_bound":0.030640928970598016,"upper_bound":0.04886567262827223},"point_estimate":0.037487011398851904,"standard_error":0.0046816825458596955},"Slope":{"confidence_interval":{"confidence_level":0.95,"lower_bound":5.342407175635416,"upper_bound":5.357255119178552},"point_estimate":5.349888806710679,"standard_error":0.0037896050214432614},"StdDev":{"confidence_interval":{"confidence_level":0.95,"lower_bound":0.03816341363439749,"upper_bound":0.05934531938982772},"point_estimate":0.04895641413647328,"standard_error":0.005449362306656405}}