{"Mean":{"confidence_interval":{"confidence_level":0.95,"lower_bound":5.1103826278157065,"upper_bound":5.156275208325656},"point_estimate":5.132778248479809,"standard_error":0.01171460350226821},"Median":{"confidence_interval":{"confidence_level":0.95,"lower_bound":5.076956248709586,"upper_bound":5.11116413679504},"point_estimate":5.094570239654016,"standard_error":0.007737888213965376},"MedianAbsDev":{"confidence_interval":{"confidence_level":0.95,"lower_bound":0.05776687684516955,"upper_bound":0.13025484492770428},"point_estimate":0.08536136649774424,"standard_error":0.019609842508372166},"Slope":{"confidence_interval":{"confidence_level":0.95,"lower_bound":5.171121606021413,"upper_bound":5.233371561666278},"point_estimate":5.203926279274328,"standard_error":0.01594110483006272},"StdDev":{"confidence_interval":{"confidence_level":0.95,"lower_bound":0.10095954046603091,"upper_bound":0.1321722436506144},"point_estimate":0.11810144735747935,"standard_error":0.007954848843237055}}