{"Mean":{"confidence_interval":{"confidence_level":0.95,"lower_bound":2.966267729813344,"upper_bound":2.9760633957011113},"point_estimate":2.9711141373721874,"standard_error":0.0024977379363723927},"Median":{"confidence_interval":{"confidence_level":0.95,"lower_bound":2.9639477186385967,"upper_bound":2.9740146073056186},"point_estimate":2.9663745171206783,"standard_error":0.0024024522407001376},"MedianAbsDev":{"confidence_interval":{"confidence_level":0.95,"lower_bound":0.01431892204160916,"upper_bound":0.026695437997815475},"point_estimate":0.020538604207463555,"standard_error":0.0032686789829671653},"Slope":{"confidence_interval":{"confidence_level":0.95,"lower_bound":2.968406182185638,"upper_bound":2.977539666003501},"point_estimate":2.9729502206833898,"standard_error":0.002330310973115172},"StdDev":{"confidence_interval":{"confidence_level":0.95,"lower_bound":0.021077251296554148,"upper_bound":0.028574318130619447},"point_estimate":0.02504139923636786,"standard_error":0.0019094172953201267}}