{"Mean":{"confidence_interval":{"confidence_level":0.95,"lower_bound":3.12293550181474,"upper_bound":3.2254403648141907},"point_estimate":3.1604454484153797,"standard_error":0.02795428127012573},"Median":{"confidence_interval":{"confidence_level":0.95,"lower_bound":3.1134901560595707,"upper_bound":3.1175786478640344},"point_estimate":3.1147781806602515,"standard_error":0.0010741857555925272},"MedianAbsDev":{"confidence_interval":{"confidence_level":0.95,"lower_bound":0.006309609339187757,"upper_bound":0.013906172766286707},"point_estimate":0.009613980802073447,"standard_error":0.0019564699132635604},"Slope":{"confidence_interval":{"confidence_level":0.95,"lower_bound":3.1177054607080423,"upper_bound":3.125192187881962},"point_estimate":3.1211442640976728,"standard_error":0.0019141167183283267},"StdDev":{"confidence_interval":{"confidence_level":0.95,"lower_bound":0.02293282497686038,"upper_bound":0.4703426547679415},"point_estimate":0.2799349596109723,"standard_error":0.13998367066383197}}