{"Mean":{"confidence_interval":{"confidence_level":0.95,"lower_bound":4.651208771158754,"upper_bound":4.670525295429551},"point_estimate":4.660347234188762,"standard_error":0.0049188238533316815},"Median":{"confidence_interval":{"confidence_level":0.95,"lower_bound":4.636848168471173,"upper_bound":4.641975040280342},"point_estimate":4.638675073762111,"standard_error":0.0012271412964916766},"MedianAbsDev":{"confidence_interval":{"confidence_level":0.95,"lower_bound":0.008446754798982383,"upper_bound":0.015997002712853564},"point_estimate":0.01226153258028169,"standard_error":0.0020484672037980323},"Slope":{"confidence_interval":{"confidence_level":0.95,"lower_bound":4.647286284118993,"upper_bound":4.6686090479193405},"point_estimate":4.656622470355001,"standard_error":0.005490134494032595},"StdDev":{"confidence_interval":{"confidence_level":0.95,"lower_bound":0.036166846322162396,"upper_bound":0.05996229740745982},"point_estimate":0.049230990027279965,"standard_error":0.006062652720991916}}