{"Mean":{"confidence_interval":{"confidence_level":0.95,"lower_bound":1.8441593755144228,"upper_bound":1.887241990975145},"point_estimate":1.8638607295868668,"standard_error":0.011032749189447636},"Median":{"confidence_interval":{"confidence_level":0.95,"lower_bound":1.8094556544817455,"upper_bound":1.8424093532881343},"point_estimate":1.8148303459387831,"standard_error":0.007951890244472374},"MedianAbsDev":{"confidence_interval":{"confidence_level":0.95,"lower_bound":0.01302897132580233,"upper_bound":0.056773351041453805},"point_estimate":0.021779657697621024,"standard_error":0.010782777584058581},"Slope":{"confidence_interval":{"confidence_level":0.95,"lower_bound":1.8178403031810084,"upper_bound":1.8442557412216323},"point_estimate":1.8292679562207799,"standard_error":0.006777263106194824},"StdDev":{"confidence_interval":{"confidence_level":0.95,"lower_bound":0.06520341443930051,"upper_bound":0.15343179653350694},"point_estimate":0.1106585840312038,"standard_error":0.023067067468437247}}