{"Mean":{"confidence_interval":{"confidence_level":0.95,"lower_bound":1.8574386416436068,"upper_bound":1.8655728341117521},"point_estimate":1.8606858750702227,"standard_error":0.0021452035313757273},"Median":{"confidence_interval":{"confidence_level":0.95,"lower_bound":1.8559292792953461,"upper_bound":1.8578167357743136},"point_estimate":1.8565920668860576,"standard_error":0.0005136323167658441},"MedianAbsDev":{"confidence_interval":{"confidence_level":0.95,"lower_bound":0.0027785082741081067,"upper_bound":0.004781888727262169},"point_estimate":0.0035051986493750895,"standard_error":0.0004997889223069283},"Slope":{"confidence_interval":{"confidence_level":0.95,"lower_bound":1.858823949778712,"upper_bound":1.8716707908993997},"point_estimate":1.8639385532803041,"standard_error":0.003393880170145144},"StdDev":{"confidence_interval":{"confidence_level":0.95,"lower_bound":0.00516391701310343,"upper_bound":0.03527503577082367},"point_estimate":0.02160324705509735,"standard_error":0.009077743735760183}}