{"Mean":{"confidence_interval":{"confidence_level":0.95,"lower_bound":4.123413839464331,"upper_bound":4.147129647010064},"point_estimate":4.133733461905463,"standard_error":0.006095786815060982},"Median":{"confidence_interval":{"confidence_level":0.95,"lower_bound":4.117436917893817,"upper_bound":4.119988109935835},"point_estimate":4.118524792050826,"standard_error":0.0006832059083232407},"MedianAbsDev":{"confidence_interval":{"confidence_level":0.95,"lower_bound":0.004689926840273642,"upper_bound":0.009002685361254831},"point_estimate":0.006633437304080027,"standard_error":0.0010129689666924218},"Slope":{"confidence_interval":{"confidence_level":0.95,"lower_bound":4.123515679521794,"upper_bound":4.164272274180939},"point_estimate":4.140436178832722,"standard_error":0.010770109522102646},"StdDev":{"confidence_interval":{"confidence_level":0.95,"lower_bound":0.01489496768893115,"upper_bound":0.0909589443107446},"point_estimate":0.06121348637375608,"standard_error":0.018278701348352258}}