{"Mean":{"confidence_interval":{"confidence_level":0.95,"lower_bound":3.3572425454480634,"upper_bound":3.372797554528983},"point_estimate":3.3641697546738256,"standard_error":0.003982615710375525},"Median":{"confidence_interval":{"confidence_level":0.95,"lower_bound":3.347670184203513,"upper_bound":3.3532836721092445},"point_estimate":3.3502625079869817,"standard_error":0.0016410656078406725},"MedianAbsDev":{"confidence_interval":{"confidence_level":0.95,"lower_bound":0.006492992858714002,"upper_bound":0.013619909718077809},"point_estimate":0.009184359079275449,"standard_error":0.0020067044428513296},"Slope":{"confidence_interval":{"confidence_level":0.95,"lower_bound":3.353933695040254,"upper_bound":3.3648143224838756},"point_estimate":3.358372362001044,"standard_error":0.0028069685376763895},"StdDev":{"confidence_interval":{"confidence_level":0.95,"lower_bound":0.022004365453872427,"upper_bound":0.057868370014677484},"point_estimate":0.039962298470257555,"standard_error":0.009828514091134164}}