{"Mean":{"confidence_interval":{"confidence_level":0.95,"lower_bound":3.1906730683812685,"upper_bound":3.2407978979765373},"point_estimate":3.2130668685331205,"standard_error":0.012868852355658853},"Median":{"confidence_interval":{"confidence_level":0.95,"lower_bound":3.1579022769558227,"upper_bound":3.1758191196012753},"point_estimate":3.1627540207035754,"standard_error":0.005062797826528118},"MedianAbsDev":{"confidence_interval":{"confidence_level":0.95,"lower_bound":0.01252865171024402,"upper_bound":0.036770200885371},"point_estimate":0.020339838516809983,"standard_error":0.0063206404394254975},"Slope":{"confidence_interval":{"confidence_level":0.95,"lower_bound":3.207714519710823,"upper_bound":3.253865974497808},"point_estimate":3.2304566388976617,"standard_error":0.011790685806818201},"StdDev":{"confidence_interval":{"confidence_level":0.95,"lower_bound":0.06599033333054384,"upper_bound":0.18526122282908566},"point_estimate":0.12891257260460257,"standard_error":0.03147295197932413}}