{"Mean":{"confidence_interval":{"confidence_level":0.95,"lower_bound":6.231693605240303,"upper_bound":6.339106092177309},"point_estimate":6.283860583717779,"standard_error":0.027356743370330165},"Median":{"confidence_interval":{"confidence_level":0.95,"lower_bound":6.162885959302387,"upper_bound":6.288043118756705},"point_estimate":6.233355706256187,"standard_error":0.03242356767867057},"MedianAbsDev":{"confidence_interval":{"confidence_level":0.95,"lower_bound":0.15390997444536153,"upper_bound":0.27401012166900135},"point_estimate":0.19825915691855836,"standard_error":0.030479770001929588},"Slope":{"confidence_interval":{"confidence_level":0.95,"lower_bound":6.187666399444568,"upper_bound":6.281604723897767},"point_estimate":6.231990485540131,"standard_error":0.023850884689751578},"StdDev":{"confidence_interval":{"confidence_level":0.95,"lower_bound":0.2230381164497982,"upper_bound":0.3212733648767381},"point_estimate":0.27548065783721876,"standard_error":0.025108628433138627}}