{"Mean":{"confidence_interval":{"confidence_level":0.95,"lower_bound":4.135260090567114,"upper_bound":4.161204116352687},"point_estimate":4.147281515721718,"standard_error":0.006643126666714211},"Median":{"confidence_interval":{"confidence_level":0.95,"lower_bound":4.119222313675559,"upper_bound":4.124740028860286},"point_estimate":4.121794191404755,"standard_error":0.0013189448368411852},"MedianAbsDev":{"confidence_interval":{"confidence_level":0.95,"lower_bound":0.003962860330329961,"upper_bound":0.010955646778400737},"point_estimate":0.006832930995723605,"standard_error":0.001643107742467591},"Slope":{"confidence_interval":{"confidence_level":0.95,"lower_bound":4.145516806160749,"upper_bound":4.1914467388532355},"point_estimate":4.1671932269912855,"standard_error":0.011767332660898787},"StdDev":{"confidence_interval":{"confidence_level":0.95,"lower_bound":0.0438892344109532,"upper_bound":0.0842176784289231},"point_estimate":0.06639975114192756,"standard_error":0.010300928229580212}}